business_id,neg_words,neg_count,neg_top5,pos_words,pos_count,pos_top5,all_mention,review_count,word_count,stars
76703.0,"['NOT_great', 'NOT_great', 'bad']",3,"['NOT_great', 'bad']","['great', 'great', 'great', 'huge', 'great', 'great', 'great', 'good', 'good', 'great', 'great', 'good', 'great', 'casual', 'top', 'great', 'good', 'good', 'huge', 'good', 'great', 'good', 'great', 'good', 'great', 'great', 'great', 'great', 'best', 'huge', 'great', 'good', 'best', 'good', 'great', 'good', 'cool', 'nice', 'nice', 'great', 'great', 'better', 'nice', 'good', 'best', 'great', 'good', 'great', 'great', 'superb', 'great', 'great', 'good', 'well', 'good', 'good', 'decent', 'great', 'great', 'good', 'great', 'great', 'best', 'great', 'giant', 'great', 'great', 'great', 'nice', 'huge', 'good', 'good', 'great', 'great', 'fair', 'huge', 'serious', 'great', 'great', 'special', 'good', 'cool', 'great', 'good', 'well', 'great', 'strong', 'great', 'good', 'good', 'good', 'great', 'good', 'great', 'great', 'good', 'great', 'great', 'good', 'best', 'pure', 'well', 'great', 'great', 'great', 'huge', 'great', 'great', 'great', 'great', 'great', 'great', 'good', 'great', 'good', 'great']",116,"['great', 'huge', 'good', 'casual', 'top']",119,1468,172731,3.583106267
3099.0,"['small', 'bad']",2,"['small', 'bad']","['great', 'good', 'huge', 'great', 'great', 'great', 'great', 'super', 'good', 'vast', 'huge', 'great', 'fair', 'great', 'huge', 'great', 'good', 'good', 'well', 'decent', 'great', 'nice', 'great', 'decent', 'great', 'great', 'nice', 'good', 'well', 'great', 'huge', 'great', 'good', 'great', 'top', 'premium', 'great', 'great', 'good', 'good', 'decent', 'nice', 'nice', 'best', 'great', 'best', 'well', 'decent', 'quick', 'good', 'cool', 'great', 'good', 'good', 'vast', 'good', 'sweet', 'great', 'fair', 'good', 'good', 'nice', 'glorious', 'good', 'best', 'good', 'great', 'good', 'great', 'well', 'good', 'good', 'great', 'rare', 'good', 'great', 'top', 'decent', 'great', 'good', 'good', 'nice', 'good', 'good', 'nice', 'good', 'decent', 'good', 'strong', 'great', 'good', 'perfect', 'great', 'great', 'decent', 'decent', 'huge', 'good', 'well', 'better', 'great', 'huge', 'great', 'well', 'great', 'great', 'great', 'great']",108,"['great', 'good', 'huge', 'super', 'vast']",110,2641,313903,3.8417266189999997
168460.0,['wrong'],1,['wrong'],"['great', 'great', 'good', 'great', 'great', 'good', 'huge', 'perfect', 'great', 'great', 'great', 'great', 'clean', 'fair', 'good', 'strong', 'good', 'great', 'good', 'great', 'great', 'nice', 'great', 'good', 'nice', 'top', 'decent', 'great', 'good', 'fresh', 'great', 'great', 'great', 'great', 'great', 'great', 'great', 'great', 'strong', 'best', 'great', 'good', 'quick', 'great', 'sweet', 'cool', 'nice', 'super', 'nice', 'nice', 'huge', 'great', 'good', 'great', 'fresh', 'great', 'decent', 'great', 'good', 'great', 'great', 'nice', 'great', 'fun', 'well', 'great', 'great', 'stellar']",68,"['great', 'good', 'huge', 'perfect', 'clean']",69,1135,100093,4.225550661000001
120627.0,['pricey'],1,['pricey'],"['great', 'great', 'better', 'great', 'great', 'huge', 'good', 'good', 'great', 'good', 'huge', 'great', 'great', 'great', 'great', 'great', 'great', 'huge', 'great', 'great', 'great', 'great', 'great', 'great', 'good', 'great', 'well', 'great', 'great', 'great', 'good', 'endless', 'stellar', 'great', 'great', 'great', 'good', 'best', 'good', 'great', 'great', 'full', 'great', 'great', 'great', 'great', 'good', 'great', 'best', 'best', 'good', 'special', 'great', 'great', 'nice', 'good', 'great', 'good', 'good', 'good', 'decent']",61,"['great', 'better', 'huge', 'good', 'well']",62,969,109231,3.772961816
35192.0,"['NOT_good', 'small']",2,"['NOT_good', 'small']","['great', 'great', 'great', 'good', 'great', 'superior', 'great', 'perfect', 'great', 'well', 'good', 'great', 'decent', 'good', 'good', 'good', 'great', 'great', 'perfect', 'sweet', 'great', 'great', 'great', 'great', 'good', 'great', 'great', 'great', 'good', 'good', 'great', 'great', 'great', 'nice', 'cool', 'great', 'well', 'great', 'top', 'great', 'great', 'good', 'top', 'great', 'decent', 'decent', 'well', 'good', 'great', 'fine', 'great', 'great', 'great', 'great']",54,"['great', 'good', 'superior', 'perfect', 'well']",56,967,116578,4.482936918
156289.0,"['sour', 'low']",2,"['sour', 'low']","['good', 'great', 'great', 'decent', 'great', 'good', 'good', 'huge', 'good', 'fun', 'good', 'good', 'good', 'good', 'good', 'good', 'great', 'great', 'huge', 'good', 'great', 'good', 'nice', 'nice', 'great', 'descent', 'great', 'great', 'cool', 'great', 'great', 'good', 'great', 'good', 'well', 'great', 'great', 'great', 'decent', 'great', 'great', 'good', 'great', 'great', 'good', 'great', 'great', 'super', 'great', 'nice', 'great', 'great']",52,"['good', 'great', 'decent', 'huge', 'fun']",54,436,43359,3.7247706419999997
51946.0,['bad'],1,['bad'],"['great', 'great', 'nice', 'good', 'good', 'great', 'decent', 'good', 'good', 'huge', 'good', 'good', 'good', 'good', 'good', 'good', 'decent', 'nice', 'decent', 'good', 'well', 'good', 'nice', 'well', 'great', 'great', 'legit', 'great', 'great', 'great', 'cool', 'decent', 'huge', 'great', 'vast', 'well', 'great', 'great', 'good', 'good', 'great', 'great', 'good', 'decent', 'good', 'good', 'great', 'great', 'great', 'great', 'decent']",51,"['great', 'nice', 'good', 'decent', 'huge']",52,1211,132977,3.7663088360000003
85516.0,"['weak', 'NOT_enough', 'bad']",3,"['weak', 'NOT_enough', 'bad']","['good', 'decent', 'great', 'great', 'nice', 'well', 'great', 'good', 'great', 'great', 'good', 'good', 'huge', 'huge', 'well', 'standard', 'decent', 'good', 'great', 'well', 'great', 'great', 'well', 'decent', 'good', 'great', 'decent', 'great', 'great', 'decent', 'good', 'well', 'good', 'well', 'decent', 'great', 'great', 'good', 'great', 'cool', 'great', 'great', 'stellar', 'great', 'huge', 'great']",46,"['good', 'decent', 'great', 'nice', 'well']",49,3225,401832,3.8955038760000003
100816.0,"['ultra', 'NOT_sure']",2,"['ultra', 'NOT_sure']","['top', 'great', 'great', 'good', 'epic', 'huge', 'great', 'great', 'great', 'great', 'great', 'great', 'cool', 'huge', 'great', 'huge', 'huge', 'huge', 'good', 'great', 'well', 'great', 'huge', 'great', 'great', 'great', 'great', 'huge', 'good', 'endless', 'great', 'great', 'great', 'great', 'great', 'best', 'great', 'strong', 'great', 'huge', 'well', 'huge']",42,"['top', 'great', 'good', 'epic', 'huge']",44,1029,98797,4.077745384
101145.0,"['NOT_great', 'unreal']",2,"['NOT_great', 'unreal']","['well', 'great', 'great', 'good', 'decent', 'good', 'well', 'great', 'great', 'great', 'great', 'great', 'good', 'great', 'well', 'great', 'good', 'nice', 'well', 'good', 'great', 'fair', 'great', 'great', 'decent', 'standard', 'good', 'good', 'huge', 'great', 'great', 'great', 'great', 'great', 'full', 'great', 'good', 'great', 'good', 'good']",40,"['well', 'great', 'good', 'decent', 'nice']",42,549,53181,3.633879781
112580.0,['sour'],1,['sour'],"['great', 'great', 'great', 'great', 'great', 'best', 'great', 'huge', 'well', 'great', 'great', 'best', 'huge', 'endless', 'good', 'huge', 'good', 'good', 'great', 'good', 'good', 'huge', 'good', 'good', 'good', 'great', 'good', 'good', 'top', 'good', 'best', 'super', 'great', 'well', 'great', 'great', 'good', 'good', 'good', 'best']",40,"['great', 'best', 'huge', 'well', 'endless']",41,479,49841,3.743215031
184061.0,"['low', 'monstrous']",2,"['low', 'monstrous']","['best', 'nice', 'great', 'great', 'great', 'great', 'nice', 'cheap', 'nice', 'great', 'good', 'great', 'full', 'good', 'best', 'great', 'well', 'decent', 'good', 'good', 'huge', 'great', 'good', 'great', 'huge', 'great', 'nice', 'great', 'decent', 'great', 'great', 'great', 'great', 'nice', 'great', 'nice']",36,"['best', 'nice', 'great', 'cheap', 'good']",38,451,53049,3.6962305989999997
135052.0,"['usual', 'poor']",2,"['usual', 'poor']","['good', 'decent', 'decent', 'great', 'good', 'decent', 'good', 'huge', 'great', 'great', 'great', 'good', 'good', 'proper', 'good', 'great', 'rare', 'better', 'good', 'nice', 'great', 'great', 'huge', 'nice', 'great', 'best', 'good', 'great', 'decent', 'great', 'nice', 'great', 'well', 'good', 'great']",35,"['good', 'decent', 'great', 'huge', 'proper']",37,621,74132,2.9983896939999997
96741.0,['sour'],1,['sour'],"['great', 'nice', 'huge', 'great', 'great', 'great', 'good', 'good', 'fun', 'great', 'better', 'fair', 'great', 'huge', 'good', 'huge', 'better', 'great', 'special', 'huge', 'great', 'great', 'good', 'better', 'great', 'great', 'good', 'great']",28,"['great', 'nice', 'huge', 'good', 'fun']",29,516,57236,2.9844961239999996
30985.0,"['sour', 'pricey']",2,"['sour', 'pricey']","['great', 'good', 'good', 'nice', 'great', 'perfect', 'great', 'great', 'great', 'great', 'great', 'great', 'decent', 'decent', 'great', 'great', 'nice', 'great', 'gorgeous', 'good', 'nice', 'good', 'huge', 'nice', 'great', 'great', 'great']",27,"['great', 'good', 'nice', 'perfect', 'decent']",29,367,38417,4.3542234330000005
90215.0,[],0,[''],"['decent', 'great', 'great', 'huge', 'great', 'great', 'legit', 'great', 'decent', 'huge', 'stellar', 'good', 'fresh', 'great', 'huge', 'great', 'great', 'cool', 'better', 'good', 'better', 'great', 'good', 'great', 'great']",25,"['decent', 'great', 'huge', 'legit', 'stellar']",25,259,26439,4.166023166
103489.0,"['small', 'small']",2,['small'],"['great', 'great', 'great', 'great', 'great', 'good', 'great', 'great', 'fine', 'great', 'great', 'cool', 'cool', 'good', 'good', 'great', 'great', 'great', 'great', 'better', 'enough', 'great', 'great']",23,"['great', 'good', 'fine', 'cool', 'better']",25,1194,134755,3.858458961
117633.0,['small'],1,['small'],"['great', 'good', 'good', 'great', 'decent', 'good', 'well', 'great', 'good', 'good', 'better', 'great', 'great', 'great', 'good', 'robust', 'well', 'better', 'vast', 'great', 'decent', 'good']",22,"['great', 'good', 'decent', 'well', 'better']",23,501,56528,3.1017964069999997
43830.0,['weak'],1,['weak'],"['good', 'good', 'good', 'good', 'great', 'nice', 'good', 'great', 'good', 'good', 'nice', 'well', 'great', 'decent', 'superb', 'good', 'great', 'nice', 'decent', 'great', 'great', 'nice']",22,"['good', 'great', 'nice', 'well', 'decent']",23,680,81867,3.744117647
175353.0,['weak'],1,['weak'],"['great', 'great', 'good', 'good', 'decent', 'clean', 'nice', 'decent', 'great', 'good', 'nice', 'great', 'good', 'nice', 'well', 'good', 'vast', 'great', 'great', 'good', 'decent']",21,"['great', 'good', 'decent', 'clean', 'nice']",22,424,42796,3.528301887
48246.0,['generic'],1,['generic'],"['great', 'great', 'great', 'better', 'good', 'fair', 'huge', 'nice', 'casual', 'fine', 'good', 'great', 'decent', 'enough', 'good', 'good', 'decent', 'good', 'great', 'fair']",20,"['great', 'better', 'good', 'fair', 'huge']",21,370,33073,4.035135135
92187.0,['cant'],1,['cant'],"['great', 'huge', 'good', 'great', 'great', 'good', 'good', 'good', 'great', 'great', 'great', 'well', 'great', 'great', 'perfect', 'good', 'great', 'good', 'great', 'good']",20,"['great', 'huge', 'good', 'well', 'perfect']",21,315,33389,4.193650794
130178.0,[],0,[''],"['great', 'good', 'great', 'well', 'good', 'well', 'well', 'good', 'great', 'decent', 'sure', 'great', 'good', 'good', 'good', 'good', 'good', 'sure', 'decent', 'good']",20,"['great', 'good', 'well', 'decent', 'sure']",20,3284,347910,3.450060901
153845.0,"['small', 'poor']",2,"['small', 'poor']","['good', 'great', 'fair', 'huge', 'good', 'great', 'cool', 'great', 'great', 'decent', 'good', 'great', 'huge', 'great', 'good', 'good', 'great']",17,"['good', 'great', 'fair', 'huge', 'cool']",19,1721,158893,3.661243463
43726.0,[],0,[''],"['good', 'great', 'huge', 'huge', 'great', 'great', 'good', 'nice', 'good', 'great', 'great', 'great', 'great', 'better', 'great', 'great', 'great', 'best', 'good']",19,"['good', 'great', 'huge', 'nice', 'better']",19,167,22618,4.083832335
18832.0,[],0,[''],"['well', 'good', 'decent', 'great', 'great', 'good', 'good', 'good', 'good', 'great', 'great', 'good', 'fun', 'great', 'good', 'fun', 'spectacular']",17,"['well', 'good', 'decent', 'great', 'fun']",17,1169,123368,3.78956373
183303.0,[],0,[''],"['nice', 'best', 'best', 'great', 'good', 'good', 'nice', 'best', 'real', 'best', 'best', 'great', 'great', 'cheap', 'great', 'best', 'best']",17,"['nice', 'best', 'great', 'good', 'real']",17,121,12950,4.082644628
177002.0,[],0,[''],"['top', 'nice', 'great', 'decent', 'great', 'top', 'great', 'decent', 'nice', 'great', 'great', 'great', 'well', 'nice', 'free', 'good', 'great']",17,"['top', 'nice', 'great', 'decent', 'well']",17,666,62714,3.762762763
132337.0,[],0,[''],"['best', 'great', 'great', 'great', 'best', 'great', 'great', 'great', 'great', 'great', 'huge', 'great', 'nice', 'nice', 'well', 'decent']",16,"['best', 'great', 'huge', 'nice', 'well']",16,347,31516,4.334293948
18381.0,[],0,[''],"['great', 'stellar', 'great', 'great', 'decent', 'great', 'good', 'great', 'great', 'great', 'great', 'great', 'great', 'great', 'decent']",15,"['great', 'stellar', 'decent', 'good']",15,180,18689,3.772222222
3307.0,['NOT_spectacular'],1,['NOT_spectacular'],"['great', 'great', 'great', 'good', 'good', 'cool', 'great', 'great', 'good', 'decent', 'good', 'decent', 'great', 'particular']",14,"['great', 'good', 'cool', 'decent', 'particular']",15,3494,458826,3.94419004
41608.0,[],0,[''],"['worth', 'proper', 'fine', 'great', 'good', 'well', 'great', 'super', 'good', 'nice', 'descent', 'good', 'well', 'huge', 'great']",15,"['worth', 'proper', 'fine', 'great', 'good']",15,105,17421,3.4190476189999996
73093.0,[],0,[''],"['good', 'good', 'great', 'pleasant', 'great', 'great', 'great', 'neat', 'best', 'nice', 'great', 'good', 'good', 'great', 'nice']",15,"['good', 'great', 'pleasant', 'neat', 'best']",15,157,16802,3.9426751589999998
66821.0,[],0,[''],"['great', 'good', 'good', 'good', 'great', 'great', 'fair', 'great', 'great', 'good', 'great', 'good', 'good', 'great']",14,"['great', 'good', 'fair']",14,428,39818,4.285046728999999
70956.0,[],0,[''],"['good', 'great', 'good', 'good', 'good', 'great', 'decent', 'nice', 'great', 'decent', 'decent', 'better', 'decent', 'good']",14,"['good', 'great', 'decent', 'nice', 'better']",14,140,12012,3.814285714
112447.0,[],0,[''],"['decent', 'good', 'great', 'good', 'good', 'well', 'classic', 'great', 'nice', 'great', 'good', 'great', 'great']",13,"['decent', 'good', 'great', 'well', 'classic']",13,1259,133908,4.051628276000001
138374.0,[],0,[''],"['great', 'good', 'great', 'great', 'special', 'good', 'great', 'great', 'cool', 'great', 'good', 'great', 'great']",13,"['great', 'good', 'special', 'cool']",13,149,13997,3.6040268460000005
161532.0,['small'],1,['small'],"['robust', 'great', 'great', 'better', 'great', 'great', 'great', 'special', 'great', 'great']",10,"['robust', 'great', 'better', 'special']",11,497,53168,3.8148893360000002
66129.0,[],0,[''],"['great', 'decent', 'good', 'nice', 'great', 'good', 'nice', 'great', 'great', 'well', 'decent']",11,"['great', 'decent', 'good', 'nice', 'well']",11,542,62047,4.267527675
31970.0,[],0,[''],"['great', 'great', 'great', 'strong', 'decent', 'great', 'good', 'great', 'great', 'fun', 'well']",11,"['great', 'strong', 'decent', 'good', 'fun']",11,2094,244189,4.449856734
118418.0,[],0,[''],"['nice', 'great', 'great', 'better', 'good', 'nice', 'decent', 'decent', 'good', 'good', 'great']",11,"['nice', 'great', 'better', 'good', 'decent']",11,575,61793,3.692173913
93865.0,[],0,[''],"['great', 'decent', 'special', 'decent', 'great', 'great', 'huge', 'great', 'great', 'great']",10,"['great', 'decent', 'special', 'huge']",10,1056,102396,3.7443181819999998
1864.0,[],0,[''],"['great', 'good', 'great', 'strong', 'good', 'good', 'decent', 'fun', 'great']",9,"['great', 'good', 'strong', 'decent', 'fun']",9,495,50533,4.131313131000001
154159.0,[],0,[''],"['fair', 'good', 'great', 'great', 'good', 'good', 'good', 'decent', 'good']",9,"['fair', 'good', 'great', 'decent']",9,260,23975,3.6307692310000004
182089.0,[],0,[''],"['decent', 'cheap', 'famous', 'famous', 'huge', 'good', 'great', 'decent']",8,"['decent', 'cheap', 'famous', 'huge', 'good']",8,4131,527580,4.229726458
175318.0,[],0,[''],"['great', 'nice', 'special', 'great', 'great', 'good', 'good', 'great']",8,"['great', 'nice', 'special', 'good']",8,650,69421,3.455384615
48782.0,[],0,[''],"['great', 'great', 'great', 'nice', 'good', 'great', 'nice', 'good']",8,"['great', 'nice', 'good']",8,196,18683,4.12244898
166418.0,[],0,[''],"['good', 'decent', 'great', 'great', 'great', 'better', 'great', 'great']",8,"['good', 'decent', 'great', 'better']",8,1179,145976,3.791348601
82713.0,[],0,[''],"['fun', 'better', 'great', 'nice', 'good', 'good', 'great', 'well']",8,"['fun', 'better', 'great', 'nice', 'good']",8,288,23026,4.0798611110000005
131823.0,[],0,[''],"['good', 'nice', 'huge', 'great', 'well', 'well', 'pleasant', 'good']",8,"['good', 'nice', 'huge', 'great', 'well']",8,4014,613548,4.012207275
175891.0,['piss'],1,['piss'],"['good', 'great', 'nice', 'great', 'great', 'nice', 'well']",7,"['good', 'great', 'nice', 'well']",8,477,60512,3.442348008
13910.0,['small'],1,['small'],"['good', 'good', 'nice', 'great', 'nice', 'good']",6,"['good', 'nice', 'great']",7,341,39113,4.4574780060000005
13178.0,[],0,[''],"['good', 'good', 'good', 'great', 'nice', 'nice', 'decent']",7,"['good', 'great', 'nice', 'decent']",7,1228,132129,4.2149837130000005
41320.0,['old'],1,['old'],"['decent', 'decent', 'decent', 'cool', 'good', 'full']",6,"['decent', 'cool', 'good', 'full']",7,408,64649,3.5857843139999996
163012.0,[],0,[''],"['nice', 'great', 'good', 'well', 'great', 'top', 'great']",7,"['nice', 'great', 'good', 'well', 'top']",7,831,75601,3.791817088
185714.0,[],0,[''],"['great', 'great', 'free', 'perfect', 'great', 'great', 'great']",7,"['great', 'free', 'perfect']",7,132,13746,3.272727273
114259.0,[],0,[''],"['great', 'better', 'good', 'decent', 'decent', 'good', 'great']",7,"['great', 'better', 'good', 'decent']",7,348,28512,3.873563218
112963.0,[],0,[''],"['good', 'great', 'cool', 'well', 'well', 'good']",6,"['good', 'great', 'cool', 'well']",6,134,13551,4.671641791
154368.0,['NOT_huge'],1,['NOT_huge'],"['good', 'good', 'good', 'good', 'decent']",5,"['good', 'decent']",6,206,26966,3.796116505
152436.0,[],0,[''],"['good', 'great', 'well', 'good', 'great', 'great']",6,"['good', 'great', 'well']",6,354,34804,4.070621469
155096.0,[],0,[''],"['nice', 'great', 'good', 'great', 'decent', 'huge']",6,"['nice', 'great', 'good', 'decent', 'huge']",6,37,3252,3.972972973
192223.0,[],0,[''],"['great', 'decent', 'good', 'great', 'nice', 'nice']",6,"['great', 'decent', 'good', 'nice']",6,558,49856,4.519713262
9439.0,[],0,[''],"['decent', 'decent', 'good', 'best', 'good']",5,"['decent', 'good', 'best']",5,1647,182875,3.937462052
122371.0,[],0,[''],"['good', 'stellar', 'great', 'great', 'great']",5,"['good', 'stellar', 'great']",5,133,12336,3.796992481
146536.0,[],0,[''],"['good', 'huge', 'good', 'fun', 'good']",5,"['good', 'huge', 'fun']",5,560,48473,3.5464285710000003
83646.0,[],0,[''],"['great', 'vast', 'great', 'great', 'rare']",5,"['great', 'vast', 'rare']",5,25,2180,3.64
165900.0,[],0,[''],"['great', 'good', 'great', 'great', 'good']",5,"['great', 'good']",5,80,6049,3.225
128939.0,[],0,[''],"['great', 'great', 'great', 'good', 'great']",5,"['great', 'good']",5,1478,172543,4.163058187
50259.0,[],0,[''],"['great', 'great', 'great', 'great', 'good']",5,"['great', 'good']",5,59,5226,4.050847458
86095.0,[],0,[''],"['great', 'sure', 'great', 'decent', 'good']",5,"['great', 'sure', 'decent', 'good']",5,214,18794,4.285046728999999
188995.0,[],0,[''],"['good', 'decent', 'good', 'great', 'great']",5,"['good', 'decent', 'great']",5,868,87432,3.9101382489999996
54572.0,[],0,[''],"['decent', 'better', 'decent', 'enough', 'decent']",5,"['decent', 'better', 'enough']",5,651,61334,3.7373271889999997
185769.0,[],0,[''],"['good', 'good', 'good', 'nice', 'good']",5,"['good', 'nice']",5,843,77249,4.1779359430000005
137030.0,['NOT_great'],1,['NOT_great'],"['better', 'good', 'well', 'good']",4,"['better', 'good', 'well']",5,332,39602,3.024096386
54607.0,[],0,[''],"['fun', 'good', 'standard', 'great', 'good']",5,"['fun', 'good', 'standard', 'great']",5,633,67946,2.887835703
35744.0,[],0,[''],"['good', 'nice', 'decent', 'superb']",4,"['good', 'nice', 'decent', 'superb']",4,2500,310304,4.354
39770.0,['small'],1,['small'],"['great', 'great', 'great']",3,['great'],4,378,33061,4.698412698
87350.0,['bad'],1,['bad'],"['great', 'good', 'nice']",3,"['great', 'good', 'nice']",4,252,28425,3.0992063489999997
137871.0,[],0,[''],"['nice', 'special', 'huge', 'cool']",4,"['nice', 'special', 'huge', 'cool']",4,263,27648,3.209125475
91876.0,[],0,[''],"['good', 'good', 'clean', 'good']",4,"['good', 'clean']",4,250,31688,3.568
142948.0,[],0,[''],"['nice', 'good', 'better', 'good']",4,"['nice', 'good', 'better']",4,78,9509,3.256410256
106980.0,[],0,[''],"['great', 'great', 'good', 'great']",4,"['great', 'good']",4,130,10824,4.607692308
127416.0,[],0,[''],"['good', 'great', 'good']",3,"['good', 'great']",3,64,7862,3.203125
66961.0,[],0,[''],"['huge', 'decent', 'good']",3,"['huge', 'decent', 'good']",3,135,12295,3.814814815
171460.0,[],0,[''],"['good', 'good', 'top']",3,"['good', 'top']",3,2506,341279,4.432960894
138365.0,[],0,[''],"['fun', 'good', 'great']",3,"['fun', 'good', 'great']",3,113,9364,3.389380531
170736.0,[],0,[''],"['great', 'great', 'decent']",3,"['great', 'decent']",3,134,15291,3.559701493
126119.0,"['poor', 'weak']",2,"['poor', 'weak']",['good'],1,['good'],3,620,61567,2.811290323
68128.0,[],0,[''],"['great', 'huge', 'great']",3,"['great', 'huge']",3,212,22483,4.1981132080000005
5897.0,[],0,[''],"['nice', 'well', 'standard']",3,"['nice', 'well', 'standard']",3,935,98676,4.42459893
172009.0,[],0,[''],"['nice', 'decent', 'well']",3,"['nice', 'decent', 'well']",3,2366,217057,4.086221471
67456.0,[],0,[''],"['good', 'good', 'better']",3,"['good', 'better']",3,345,35560,2.846376812
168030.0,['poor'],1,['poor'],"['better', 'great']",2,"['better', 'great']",3,460,59298,2.097826087
34922.0,[],0,[''],"['good', 'fun', 'decent']",3,"['good', 'fun', 'decent']",3,536,63985,4.391791045
50577.0,[],0,[''],"['good', 'nice', 'great']",3,"['good', 'nice', 'great']",3,338,42540,3.9852071010000003
148573.0,"['small', 'small', 'smaller']",3,"['small', 'smaller']",[],0,[''],3,148,16354,4.040540541
1611.0,[],0,[''],"['good', 'good', 'superb']",3,"['good', 'superb']",3,717,99142,4.064156206
135285.0,[],0,[''],"['good', 'better']",2,"['good', 'better']",2,81,11083,3.75308642
160863.0,"['small', 'poor']",2,"['small', 'poor']",[],0,[''],2,387,54478,3.9379844960000003
111254.0,[],0,[''],"['good', 'decent']",2,"['good', 'decent']",2,106,10008,3.9905660380000003
122292.0,[],0,[''],"['cool', 'well']",2,"['cool', 'well']",2,492,70708,3.4939024389999997
154739.0,['poor'],1,['poor'],['decent'],1,['decent'],2,1178,117412,2.96179966
121594.0,[],0,[''],"['great', 'nice']",2,"['great', 'nice']",2,78,5907,3.576923077
130241.0,[],0,[''],"['nice', 'decent']",2,"['nice', 'decent']",2,1517,200293,4.177982861
121437.0,[],0,[''],"['good', 'great']",2,"['good', 'great']",2,407,41889,3.538083538
97837.0,[],0,[''],"['decent', 'nice']",2,"['decent', 'nice']",2,608,69491,4.2697368419999995
182111.0,[],0,[''],"['decent', 'good']",2,"['decent', 'good']",2,209,21977,4.009569378
115446.0,[],0,[''],"['well', 'good']",2,"['well', 'good']",2,658,82570,3.8313069910000004
142312.0,['poor'],1,['poor'],['good'],1,['good'],2,651,70445,3.0629800310000004
11528.0,[],0,[''],"['great', 'great']",2,['great'],2,42,5733,3.642857143
164571.0,[],0,[''],"['good', 'great']",2,"['good', 'great']",2,42,2550,4.0
60990.0,[],0,[''],"['great', 'great']",2,['great'],2,36,3988,3.0555555560000003
142203.0,[],0,[''],"['great', 'good']",2,"['great', 'good']",2,183,16231,3.737704918
41561.0,['weak'],1,['weak'],['well'],1,['well'],2,1623,224236,4.015403574
41984.0,[],0,[''],"['great', 'decent']",2,"['great', 'decent']",2,658,75560,3.3784194530000002
15182.0,[],0,[''],"['great', 'decent']",2,"['great', 'decent']",2,641,66006,4.040561622
137616.0,[],0,[''],"['good', 'great']",2,"['good', 'great']",2,98,8044,3.816326531
165243.0,[],0,[''],"['decent', 'good']",2,"['decent', 'good']",2,44,4120,3.5
13883.0,[],0,[''],"['decent', 'decent']",2,['decent'],2,27,3629,3.185185185
136406.0,[],0,[''],"['great', 'great']",2,['great'],2,158,16169,3.341772152
143787.0,[],0,[''],"['good', 'great']",2,"['good', 'great']",2,210,18344,3.204761905
118884.0,[],0,[''],"['great', 'good']",2,"['great', 'good']",2,387,40309,3.330749354
73859.0,[],0,[''],"['free', 'decent']",2,"['free', 'decent']",2,86,9001,2.9651162789999996
61546.0,[],0,[''],"['great', 'great']",2,['great'],2,222,21134,4.364864865
162637.0,[],0,[''],"['well', 'decent']",2,"['well', 'decent']",2,404,56713,4.03960396
144477.0,[],0,[''],"['nice', 'great']",2,"['nice', 'great']",2,397,36123,3.753148615
103022.0,[],0,[''],"['great', 'good']",2,"['great', 'good']",2,107,9501,3.570093458
43624.0,[],0,[''],"['good', 'fair']",2,"['good', 'fair']",2,64,5023,3.796875
36695.0,[],0,[''],"['great', 'good']",2,"['great', 'good']",2,2310,257793,3.870995671
70931.0,[],0,[''],"['good', 'great']",2,"['good', 'great']",2,1429,232291,4.070678796
61682.0,[],0,[''],"['great', 'good']",2,"['great', 'good']",2,8,660,4.375
28201.0,[],0,[''],"['fine', 'good']",2,"['fine', 'good']",2,532,66049,3.883458647
135546.0,[],0,[''],"['great', 'better']",2,"['great', 'better']",2,700,77796,3.807142857
15635.0,[],0,[''],"['best', 'good']",2,"['best', 'good']",2,53,3447,4.7547169810000005
141975.0,[],0,[''],"['top', 'fine']",2,"['top', 'fine']",2,90,11929,3.133333333
47971.0,[],0,[''],"['great', 'decent']",2,"['great', 'decent']",2,1738,266875,3.5822784810000003
27054.0,['low'],1,['low'],['great'],1,['great'],2,983,156439,3.855544252
147542.0,[],0,[''],"['great', 'best']",2,"['great', 'best']",2,93,10565,3.666666667
91507.0,['bad'],1,['bad'],['real'],1,['real'],2,54,8796,2.314814815
67363.0,[],0,[''],['good'],1,['good'],1,61,6374,3.032786885
30814.0,[],0,[''],['great'],1,['great'],1,494,53857,3.791497976
86990.0,[],0,[''],['decent'],1,['decent'],1,80,8412,4.075
142499.0,[],0,[''],['good'],1,['good'],1,137,12776,3.788321168
131207.0,[],0,[''],['good'],1,['good'],1,1581,173359,4.018342821
8007.0,[],0,[''],['well'],1,['well'],1,239,30659,4.288702928999999
188745.0,[],0,[''],['better'],1,['better'],1,10,896,3.8
161717.0,['pedestrian'],1,['pedestrian'],[],0,[''],1,157,13405,3.917197452
14034.0,[],0,[''],['pleasant'],1,['pleasant'],1,356,39552,3.52247191
144103.0,[],0,[''],['full'],1,['full'],1,2564,435312,3.992199688
11238.0,[],0,[''],['better'],1,['better'],1,488,67098,4.12704918
36418.0,[],0,[''],['decent'],1,['decent'],1,67,8109,3.119402985
9032.0,[],0,[''],['decent'],1,['decent'],1,1017,108292,4.444444444
44852.0,[],0,[''],['good'],1,['good'],1,84,8004,4.154761905
89791.0,[],0,[''],['great'],1,['great'],1,85,7607,4.294117647
33487.0,[],0,[''],['decent'],1,['decent'],1,91,17895,2.32967033
37985.0,[],0,[''],['good'],1,['good'],1,8,540,2.875
79872.0,[],0,[''],['best'],1,['best'],1,703,101440,3.40113798
161785.0,[],0,[''],['cool'],1,['cool'],1,66,6739,3.378787879
130158.0,[],0,[''],['good'],1,['good'],1,255,26043,3.615686275
189661.0,[],0,[''],['decent'],1,['decent'],1,178,23088,3.449438202
152904.0,[],0,[''],['good'],1,['good'],1,9,813,3.888888889
12621.0,[],0,[''],['great'],1,['great'],1,939,134974,4.208732694
164960.0,[],0,[''],['better'],1,['better'],1,525,69909,3.3485714289999997
133837.0,[],0,[''],['good'],1,['good'],1,199,27514,4.075376884
68526.0,[],0,[''],['great'],1,['great'],1,130,10784,4.146153846
72023.0,[],0,[''],['fair'],1,['fair'],1,98,12006,3.510204082
97922.0,[],0,[''],['nice'],1,['nice'],1,2042,382586,2.91136141
35288.0,[],0,[''],['best'],1,['best'],1,47,4053,2.574468085
35311.0,[],0,[''],['good'],1,['good'],1,102,8819,3.284313725
92857.0,[],0,[''],['great'],1,['great'],1,104,11474,3.644230769
127932.0,[],0,[''],['vast'],1,['vast'],1,20,2690,3.55
166694.0,[],0,[''],['great'],1,['great'],1,89,10439,3.494382022
15762.0,[],0,[''],['good'],1,['good'],1,14,1408,3.642857143
72461.0,['bad'],1,['bad'],[],0,[''],1,117,11971,3.504273504
117435.0,[],0,[''],['good'],1,['good'],1,50,8294,2.76
172014.0,[],0,[''],['good'],1,['good'],1,60,5106,3.7833333330000003
166570.0,[],0,[''],['good'],1,['good'],1,92,9269,4.47826087
154662.0,[],0,[''],['good'],1,['good'],1,58,4131,3.655172414
89222.0,[],0,[''],['special'],1,['special'],1,21,3425,2.904761905
161109.0,[],0,[''],['good'],1,['good'],1,778,109704,3.1529562980000003
6373.0,['small'],1,['small'],[],0,[''],1,439,59229,4.423690205
100502.0,['bad'],1,['bad'],[],0,[''],1,209,17650,2.8899521530000003
144474.0,[],0,[''],['better'],1,['better'],1,139,22319,1.971223022
133387.0,['weak'],1,['weak'],[],0,[''],1,1415,201290,3.865017668
79620.0,['NOT_great'],1,['NOT_great'],[],0,[''],1,488,61253,3.0758196719999997
181051.0,[],0,[''],['good'],1,['good'],1,61,5976,3.442622951
16699.0,[],0,[''],['fair'],1,['fair'],1,89,5576,4.550561798
69973.0,[],0,[''],['decent'],1,['decent'],1,61,6058,3.852459016
13500.0,[],0,[''],['good'],1,['good'],1,508,42454,4.49015748
71442.0,[],0,[''],['great'],1,['great'],1,166,25137,3.825301205
115342.0,[],0,[''],['decent'],1,['decent'],1,288,30356,3.565972222
120467.0,[],0,[''],['good'],1,['good'],1,200,17198,4.41
192152.0,[],0,[''],['good'],1,['good'],1,958,116694,3.2797494780000003
149467.0,[],0,[''],['better'],1,['better'],1,82,6459,3.817073171
7662.0,[],0,[''],['great'],1,['great'],1,975,123298,4.092307691999999
35921.0,[],0,[''],['decent'],1,['decent'],1,5,866,4.2
10162.0,[],0,[''],['nice'],1,['nice'],1,4,125,5.0
36216.0,[],0,[''],['well'],1,['well'],1,195,20167,3.620512821
61295.0,[],0,[''],['good'],1,['good'],1,14,905,3.5
96069.0,[],0,[''],['decent'],1,['decent'],1,509,51100,3.923379175
48113.0,[],0,[''],['better'],1,['better'],1,252,30107,3.873015873
10256.0,[],0,[''],['great'],1,['great'],1,76,9235,3.565789474
42989.0,[],0,[''],['serious'],1,['serious'],1,256,28831,3.4453125
158259.0,[],0,[''],['good'],1,['good'],1,364,49797,3.802197802
94745.0,[],0,[''],['great'],1,['great'],1,10,880,4.2
70910.0,[],0,[''],['great'],1,['great'],1,124,11594,3.282258065
67070.0,[],0,[''],['good'],1,['good'],1,323,41524,3.6811145510000003
63438.0,[],0,[''],['good'],1,['good'],1,50,4098,4.2
10089.0,[],0,[''],['good'],1,['good'],1,548,47903,3.7262773719999998
45451.0,[],0,[''],['good'],1,['good'],1,27,3725,3.666666667
37740.0,[],0,[''],['good'],1,['good'],1,257,32363,3.73540856
48472.0,[],0,[''],['better'],1,['better'],1,266,27808,2.676691729
41738.0,[],0,[''],['well'],1,['well'],1,242,27624,3.3553719010000003
51354.0,['NOT_fresh'],1,['NOT_fresh'],[],0,[''],1,122,11102,3.581967213
63046.0,[],0,[''],['better'],1,['better'],1,465,57127,3.537634409
96769.0,[],0,[''],['better'],1,['better'],1,1513,139978,3.3073364180000002
80912.0,[],0,[''],['good'],1,['good'],1,517,66513,4.201160542
134504.0,[],0,[''],['good'],1,['good'],1,267,37349,4.146067416
103280.0,[],0,[''],['standard'],1,['standard'],1,32,3434,4.40625
66547.0,[],0,[''],['good'],1,['good'],1,1525,153475,3.4196721310000004
67092.0,[],0,[''],['top'],1,['top'],1,1412,243611,3.600566572
67262.0,[],0,[''],['good'],1,['good'],1,131,11379,4.106870229
189244.0,[],0,[''],['great'],1,['great'],1,66,6632,3.333333333
28836.0,[],0,[''],['great'],1,['great'],1,89,6779,3.550561798
51350.0,[],0,[''],['good'],1,['good'],1,102,9290,3.862745098
21037.0,[],0,[''],['good'],1,['good'],1,386,40162,4.1062176169999995
110672.0,[],0,[''],[],0,[''],0,164,17098,3.2987804880000002
179254.0,[],0,[''],[],0,[''],0,6,682,3.0
166455.0,[],0,[''],[],0,[''],0,3,81,5.0
160250.0,[],0,[''],[],0,[''],0,14,947,3.214285714
138118.0,[],0,[''],[],0,[''],0,25,1605,5.0
148311.0,[],0,[''],[],0,[''],0,10,520,4.7
47720.0,[],0,[''],[],0,[''],0,30,4133,3.3
80716.0,[],0,[''],[],0,[''],0,23,2036,3.130434783
168597.0,[],0,[''],[],0,[''],0,3,198,3.666666667
113134.0,[],0,[''],[],0,[''],0,4,188,4.5
188484.0,[],0,[''],[],0,[''],0,28,2190,4.428571429
184707.0,[],0,[''],[],0,[''],0,61,6227,2.901639344
107155.0,[],0,[''],[],0,[''],0,425,43673,3.5388235289999996
42162.0,[],0,[''],[],0,[''],0,264,30713,4.140151515
166869.0,[],0,[''],[],0,[''],0,165,19486,4.03030303
182806.0,[],0,[''],[],0,[''],0,66,10988,3.151515152
69323.0,[],0,[''],[],0,[''],0,924,141713,3.988095238
38248.0,[],0,[''],[],0,[''],0,15,1394,4.0
189665.0,[],0,[''],[],0,[''],0,499,64462,4.110220441
181302.0,[],0,[''],[],0,[''],0,14,1095,4.285714286
115629.0,[],0,[''],[],0,[''],0,17,2644,3.6470588239999997
25901.0,[],0,[''],[],0,[''],0,10,910,3.9
116052.0,[],0,[''],[],0,[''],0,1021,151098,3.7100881489999997
149411.0,[],0,[''],[],0,[''],0,19,2281,4.315789474
104188.0,[],0,[''],[],0,[''],0,6,1106,4.333333333
49081.0,[],0,[''],[],0,[''],0,9,850,3.4444444439999997
103909.0,[],0,[''],[],0,[''],0,152,22150,2.782894737
161710.0,[],0,[''],[],0,[''],0,18,1445,4.055555556
111683.0,[],0,[''],[],0,[''],0,141,15285,3.765957447
89736.0,[],0,[''],[],0,[''],0,6,545,2.333333333
105716.0,[],0,[''],[],0,[''],0,26,2355,3.923076923
178989.0,[],0,[''],[],0,[''],0,147,20146,4.040816327
52441.0,[],0,[''],[],0,[''],0,33,1825,3.939393939
167083.0,[],0,[''],[],0,[''],0,7,565,2.4285714290000002
174015.0,[],0,[''],[],0,[''],0,15,1877,3.666666667
185044.0,[],0,[''],[],0,[''],0,55,5118,3.545454545
82986.0,[],0,[''],[],0,[''],0,455,43211,4.393406593
158050.0,[],0,[''],[],0,[''],0,66,6000,3.1363636360000005
150121.0,[],0,[''],[],0,[''],0,24,3397,3.25
70814.0,[],0,[''],[],0,[''],0,55,7279,2.672727273
179697.0,[],0,[''],[],0,[''],0,17,1780,2.764705882
181511.0,[],0,[''],[],0,[''],0,74,9476,3.6216216219999997
185784.0,[],0,[''],[],0,[''],0,466,60901,3.729613734
66335.0,[],0,[''],[],0,[''],0,63,6469,4.714285714
151278.0,[],0,[''],[],0,[''],0,13,1380,2.769230769
118728.0,[],0,[''],[],0,[''],0,992,113496,4.25
95302.0,[],0,[''],[],0,[''],0,30,4021,3.2
15737.0,[],0,[''],[],0,[''],0,459,48577,3.923747277
136341.0,[],0,[''],[],0,[''],0,441,58248,3.553287982
133155.0,[],0,[''],[],0,[''],0,31,4783,2.774193548
137905.0,[],0,[''],[],0,[''],0,644,114806,4.549689441
155633.0,[],0,[''],[],0,[''],0,747,93796,4.397590361000001
132191.0,[],0,[''],[],0,[''],0,2801,254148,4.409853624
82338.0,[],0,[''],[],0,[''],0,368,35756,4.2826086960000005
48728.0,[],0,[''],[],0,[''],0,6,1005,2.833333333
156786.0,[],0,[''],[],0,[''],0,718,66509,4.227019499
31508.0,[],0,[''],[],0,[''],0,20,3696,3.65
74635.0,[],0,[''],[],0,[''],0,18,1111,3.222222222
168081.0,[],0,[''],[],0,[''],0,986,153816,4.096348884
158145.0,[],0,[''],[],0,[''],0,30,2295,4.933333333
183956.0,[],0,[''],[],0,[''],0,109,13995,4.752293578
135153.0,[],0,[''],[],0,[''],0,282,35512,3.6453900710000005
4532.0,[],0,[''],[],0,[''],0,4,627,2.0
61519.0,[],0,[''],[],0,[''],0,125,19781,3.2319999999999998
115347.0,[],0,[''],[],0,[''],0,14,844,3.0
27983.0,[],0,[''],[],0,[''],0,6,387,3.333333333
167247.0,[],0,[''],[],0,[''],0,15,1974,3.066666667
124312.0,[],0,[''],[],0,[''],0,4,142,2.75
68655.0,[],0,[''],[],0,[''],0,3,193,5.0
109986.0,[],0,[''],[],0,[''],0,14,1441,4.6428571430000005
88525.0,[],0,[''],[],0,[''],0,204,25473,3.2941176469999998
150264.0,[],0,[''],[],0,[''],0,287,39426,3.567944251
174549.0,[],0,[''],[],0,[''],0,51,8414,1.31372549
115653.0,[],0,[''],[],0,[''],0,47,4501,3.9148936169999997
190602.0,[],0,[''],[],0,[''],0,100,11798,3.34
79208.0,[],0,[''],[],0,[''],0,104,13806,3.269230769
87061.0,[],0,[''],[],0,[''],0,64,5411,4.484375
61020.0,[],0,[''],[],0,[''],0,3,122,5.0
117619.0,[],0,[''],[],0,[''],0,134,16756,2.947761194
183862.0,[],0,[''],[],0,[''],0,369,57460,3.682926829
169906.0,[],0,[''],[],0,[''],0,554,78839,3.2581227439999996
165162.0,[],0,[''],[],0,[''],0,5,466,4.2
75043.0,[],0,[''],[],0,[''],0,35,3088,4.514285714
94909.0,[],0,[''],[],0,[''],0,55,5941,4.054545455
117648.0,[],0,[''],[],0,[''],0,168,13231,4.2976190480000005
111956.0,[],0,[''],[],0,[''],0,39,4199,2.769230769
34924.0,[],0,[''],[],0,[''],0,4,432,4.5
175364.0,[],0,[''],[],0,[''],0,56,6404,3.75
169928.0,[],0,[''],[],0,[''],0,1266,168195,4.32464455
76960.0,[],0,[''],[],0,[''],0,6,396,4.833333333
111276.0,[],0,[''],[],0,[''],0,23,3529,3.6956521739999997
18205.0,[],0,[''],[],0,[''],0,29,2813,3.034482759
102679.0,[],0,[''],[],0,[''],0,30,2794,2.4
69228.0,[],0,[''],[],0,[''],0,13,1182,3.384615385
112694.0,[],0,[''],[],0,[''],0,18,1783,3.666666667
41906.0,[],0,[''],[],0,[''],0,1584,203870,3.715277778
26202.0,[],0,[''],[],0,[''],0,286,33082,3.482517483
162212.0,[],0,[''],[],0,[''],0,197,29493,3.253807107
117304.0,[],0,[''],[],0,[''],0,419,44816,4.126491647
174075.0,[],0,[''],[],0,[''],0,202,23179,4.188118812
161264.0,[],0,[''],[],0,[''],0,38,4393,3.263157895
189495.0,[],0,[''],[],0,[''],0,16,1777,4.25
156953.0,[],0,[''],[],0,[''],0,100,8206,3.5
24851.0,[],0,[''],[],0,[''],0,30,3074,4.066666667
181310.0,[],0,[''],[],0,[''],0,61,4511,3.081967213
121438.0,[],0,[''],[],0,[''],0,71,7604,3.746478873
153536.0,[],0,[''],[],0,[''],0,22,2070,4.545454545
57369.0,[],0,[''],[],0,[''],0,4,208,4.75
120155.0,[],0,[''],[],0,[''],0,30,3360,2.933333333
25880.0,[],0,[''],[],0,[''],0,5,508,4.4
95829.0,[],0,[''],[],0,[''],0,161,18459,2.763975155
157585.0,[],0,[''],[],0,[''],0,7,748,3.857142857
171217.0,[],0,[''],[],0,[''],0,3,284,3.333333333
34640.0,[],0,[''],[],0,[''],0,122,11340,3.672131148
187792.0,[],0,[''],[],0,[''],0,7,990,4.1428571430000005
26930.0,[],0,[''],[],0,[''],0,20,2734,3.4
14198.0,[],0,[''],[],0,[''],0,203,22596,3.665024631
117646.0,[],0,[''],[],0,[''],0,10,1276,4.1
57921.0,[],0,[''],[],0,[''],0,6,499,2.666666667
108786.0,[],0,[''],[],0,[''],0,112,12823,4.508928571
26447.0,[],0,[''],[],0,[''],0,10,650,3.9
114071.0,[],0,[''],[],0,[''],0,8,935,4.375
176697.0,[],0,[''],[],0,[''],0,9,804,4.222222222
187968.0,[],0,[''],[],0,[''],0,8,566,3.125
168812.0,[],0,[''],[],0,[''],0,36,3256,3.0555555560000003
162269.0,[],0,[''],[],0,[''],0,30,1780,4.4
58770.0,[],0,[''],[],0,[''],0,5,393,2.2
77892.0,[],0,[''],[],0,[''],0,37,3239,4.486486486
139326.0,[],0,[''],[],0,[''],0,6,492,3.166666667
57213.0,[],0,[''],[],0,[''],0,3,135,4.666666667
90360.0,[],0,[''],[],0,[''],0,198,25937,3.308080808
138113.0,[],0,[''],[],0,[''],0,3,379,4.0
23608.0,[],0,[''],[],0,[''],0,62,5917,3.85483871
73833.0,[],0,[''],[],0,[''],0,122,10511,3.967213115
20326.0,[],0,[''],[],0,[''],0,30,2850,3.5333333330000003
15010.0,[],0,[''],[],0,[''],0,105,10553,3.761904762
56568.0,[],0,[''],[],0,[''],0,29,3006,3.4827586210000003
74620.0,[],0,[''],[],0,[''],0,198,18141,4.282828283
143159.0,[],0,[''],[],0,[''],0,158,14242,4.291139241000001
186899.0,[],0,[''],[],0,[''],0,670,80121,3.641791045
33234.0,[],0,[''],[],0,[''],0,69,5261,3.68115942
180000.0,[],0,[''],[],0,[''],0,301,31735,2.940199336
102117.0,[],0,[''],[],0,[''],0,31,5781,3.483870968
155279.0,[],0,[''],[],0,[''],0,87,7075,3.988505747
116034.0,[],0,[''],[],0,[''],0,29,2298,4.1724137930000005
187461.0,[],0,[''],[],0,[''],0,142,10749,4.633802817
28266.0,[],0,[''],[],0,[''],0,12,932,3.166666667
5810.0,[],0,[''],[],0,[''],0,21,3590,3.333333333
170112.0,[],0,[''],[],0,[''],0,46,4806,3.413043478
164747.0,[],0,[''],[],0,[''],0,133,14740,3.819548872
27961.0,[],0,[''],[],0,[''],0,124,12620,3.129032258
144997.0,[],0,[''],[],0,[''],0,108,18512,3.342592593
42664.0,[],0,[''],[],0,[''],0,40,3246,3.875
64152.0,[],0,[''],[],0,[''],0,129,11970,4.434108527
25135.0,[],0,[''],[],0,[''],0,223,36450,2.426008969
152071.0,[],0,[''],[],0,[''],0,568,50329,3.705985915
183176.0,[],0,[''],[],0,[''],0,89,9977,3.7752808989999997
121589.0,[],0,[''],[],0,[''],0,24,2253,3.291666667
128130.0,[],0,[''],[],0,[''],0,21,1218,4.19047619
147469.0,[],0,[''],[],0,[''],0,9,1787,3.5555555560000003
128282.0,[],0,[''],[],0,[''],0,15,1716,3.0
150880.0,[],0,[''],[],0,[''],0,857,85029,3.9579929989999996
38367.0,[],0,[''],[],0,[''],0,164,17316,2.640243902
129328.0,[],0,[''],[],0,[''],0,16,1154,3.625
65782.0,[],0,[''],[],0,[''],0,3,113,1.6666666669999999
188454.0,[],0,[''],[],0,[''],0,103,12656,3.86407767
133856.0,[],0,[''],[],0,[''],0,389,44410,3.858611825
64828.0,[],0,[''],[],0,[''],0,132,11452,3.1060606060000002
79161.0,[],0,[''],[],0,[''],0,3,207,2.0
71582.0,[],0,[''],[],0,[''],0,117,8587,3.427350427
48243.0,[],0,[''],[],0,[''],0,8,405,4.5
143977.0,[],0,[''],[],0,[''],0,151,15069,4.251655629
166463.0,[],0,[''],[],0,[''],0,16,1118,3.75
53413.0,[],0,[''],[],0,[''],0,8,764,3.75
91868.0,[],0,[''],[],0,[''],0,110,17153,3.890909091
13082.0,[],0,[''],[],0,[''],0,126,11811,2.825396825
109820.0,[],0,[''],[],0,[''],0,392,53423,2.525510204
874.0,[],0,[''],[],0,[''],0,22,2259,3.454545455
151815.0,[],0,[''],[],0,[''],0,8,276,5.0
112015.0,[],0,[''],[],0,[''],0,362,48082,3.522099448
113508.0,[],0,[''],[],0,[''],0,25,2530,4.12
2840.0,[],0,[''],[],0,[''],0,38,5469,3.552631579
812.0,[],0,[''],[],0,[''],0,6,528,2.166666667
27967.0,[],0,[''],[],0,[''],0,27,4833,3.185185185
49621.0,[],0,[''],[],0,[''],0,6,693,4.0
92009.0,[],0,[''],[],0,[''],0,61,8033,3.37704918
88071.0,[],0,[''],[],0,[''],0,13,1728,3.8461538460000004
107033.0,[],0,[''],[],0,[''],0,4,408,3.5
161080.0,[],0,[''],[],0,[''],0,45,3897,3.9111111110000003
64406.0,[],0,[''],[],0,[''],0,4,201,5.0
124334.0,[],0,[''],[],0,[''],0,1285,116582,3.8272373539999998
113284.0,[],0,[''],[],0,[''],0,14,1470,3.785714286
142101.0,[],0,[''],[],0,[''],0,20,2489,5.0
21034.0,[],0,[''],[],0,[''],0,42,6072,4.80952381
75837.0,[],0,[''],[],0,[''],0,7,592,4.571428571
47521.0,[],0,[''],[],0,[''],0,87,7965,4.091954023
74752.0,[],0,[''],[],0,[''],0,28,3444,3.428571429
146825.0,[],0,[''],[],0,[''],0,14,844,2.285714286
121252.0,[],0,[''],[],0,[''],0,82,6998,3.170731707
168310.0,[],0,[''],[],0,[''],0,7,1156,2.4285714290000002
120930.0,[],0,[''],[],0,[''],0,126,11467,3.714285714
128490.0,[],0,[''],[],0,[''],0,28,2790,3.321428571
89917.0,[],0,[''],[],0,[''],0,9,636,4.222222222
2253.0,[],0,[''],[],0,[''],0,149,17077,4.362416107
54264.0,[],0,[''],[],0,[''],0,11,1045,4.090909091
191511.0,[],0,[''],[],0,[''],0,1277,133591,3.889584965
66684.0,[],0,[''],[],0,[''],0,105,10134,4.152380952
52337.0,[],0,[''],[],0,[''],0,9,1526,3.666666667
4124.0,[],0,[''],[],0,[''],0,1896,271022,4.09757384
101761.0,[],0,[''],[],0,[''],0,4,216,5.0
122119.0,[],0,[''],[],0,[''],0,53,4467,3.0754716980000003
149256.0,[],0,[''],[],0,[''],0,587,69658,3.6865417380000003
173152.0,[],0,[''],[],0,[''],0,283,30470,3.2544169610000004
90119.0,[],0,[''],[],0,[''],0,11,1859,3.0909090910000003
33615.0,[],0,[''],[],0,[''],0,13,922,4.384615385
145449.0,[],0,[''],[],0,[''],0,171,13394,4.1052631580000005
134593.0,[],0,[''],[],0,[''],0,4,394,1.75
23370.0,[],0,[''],[],0,[''],0,6,241,4.333333333
117751.0,[],0,[''],[],0,[''],0,71,6029,4.788732394
18457.0,[],0,[''],[],0,[''],0,39,4424,2.974358974
67964.0,[],0,[''],[],0,[''],0,8,658,4.125
46867.0,[],0,[''],[],0,[''],0,2238,358142,3.085790885
32926.0,[],0,[''],[],0,[''],0,14,1506,4.214285714
128113.0,[],0,[''],[],0,[''],0,11,957,1.8181818180000002
6759.0,[],0,[''],[],0,[''],0,289,37522,4.0346020760000005
67224.0,[],0,[''],[],0,[''],0,9,853,3.222222222
152803.0,[],0,[''],[],0,[''],0,414,32356,4.188405797
172435.0,[],0,[''],[],0,[''],0,141,18060,3.056737589
74431.0,[],0,[''],[],0,[''],0,6,840,3.833333333
2335.0,[],0,[''],[],0,[''],0,25,3436,3.88
115128.0,[],0,[''],[],0,[''],0,867,117076,4.151095732
90484.0,[],0,[''],[],0,[''],0,64,7900,3.546875
191205.0,[],0,[''],[],0,[''],0,50,3669,4.36
105065.0,[],0,[''],[],0,[''],0,872,112901,3.834862385
50005.0,[],0,[''],[],0,[''],0,39,2540,3.282051282
156191.0,[],0,[''],[],0,[''],0,65,3463,4.784615385
71823.0,[],0,[''],[],0,[''],0,78,6794,3.730769231
70987.0,[],0,[''],[],0,[''],0,553,74880,3.195298373
141783.0,[],0,[''],[],0,[''],0,20,1689,4.4
81999.0,[],0,[''],[],0,[''],0,54,5169,4.055555556
110432.0,[],0,[''],[],0,[''],0,39,2353,3.897435897
16914.0,[],0,[''],[],0,[''],0,271,21771,4.044280443
25681.0,[],0,[''],[],0,[''],0,6,933,3.666666667
109667.0,[],0,[''],[],0,[''],0,30,4590,3.0333333330000003
167512.0,[],0,[''],[],0,[''],0,54,4829,3.5555555560000003
26125.0,[],0,[''],[],0,[''],0,15,1154,3.666666667
130280.0,[],0,[''],[],0,[''],0,52,5591,3.730769231
48969.0,[],0,[''],[],0,[''],0,122,14032,3.254098361
162510.0,[],0,[''],[],0,[''],0,127,12069,3.874015748
131045.0,[],0,[''],[],0,[''],0,6,430,4.333333333
22493.0,[],0,[''],[],0,[''],0,12,1045,2.416666667
74309.0,[],0,[''],[],0,[''],0,19,2258,3.842105263
171262.0,[],0,[''],[],0,[''],0,14,2204,3.928571429
62926.0,[],0,[''],[],0,[''],0,47,2866,4.829787233999999
129504.0,[],0,[''],[],0,[''],0,209,18097,4.583732057
29390.0,[],0,[''],[],0,[''],0,212,25368,3.29245283
23777.0,[],0,[''],[],0,[''],0,892,87901,2.535874439
38579.0,[],0,[''],[],0,[''],0,5,632,3.4
141969.0,[],0,[''],[],0,[''],0,12,1297,3.5
97899.0,[],0,[''],[],0,[''],0,110,8744,4.081818182
171525.0,[],0,[''],[],0,[''],0,64,4925,4.84375
170768.0,[],0,[''],[],0,[''],0,310,68735,4.332258065
181881.0,[],0,[''],[],0,[''],0,108,10327,3.166666667
7555.0,[],0,[''],[],0,[''],0,3,152,4.333333333
113525.0,[],0,[''],[],0,[''],0,161,16548,3.6956521739999997
176362.0,[],0,[''],[],0,[''],0,35,3360,3.628571429
61441.0,[],0,[''],[],0,[''],0,934,149830,4.066381156
156674.0,[],0,[''],[],0,[''],0,644,54992,4.555900621
177812.0,[],0,[''],[],0,[''],0,476,48043,2.3025210080000003
16938.0,[],0,[''],[],0,[''],0,26,3866,3.615384615
178623.0,[],0,[''],[],0,[''],0,217,19252,4.299539171
99833.0,[],0,[''],[],0,[''],0,3,338,4.0
38738.0,[],0,[''],[],0,[''],0,50,5626,3.28
23929.0,[],0,[''],[],0,[''],0,22,2590,3.727272727
140386.0,[],0,[''],[],0,[''],0,15,979,4.333333333
98727.0,[],0,[''],[],0,[''],0,57,5662,2.859649123
164841.0,[],0,[''],[],0,[''],0,14,1214,2.214285714
26003.0,[],0,[''],[],0,[''],0,107,15457,3.53271028
51035.0,[],0,[''],[],0,[''],0,10,755,3.9
118266.0,[],0,[''],[],0,[''],0,184,26648,3.8206521739999997
42703.0,[],0,[''],[],0,[''],0,77,13770,3.571428571
162337.0,[],0,[''],[],0,[''],0,69,8415,3.420289855
39374.0,[],0,[''],[],0,[''],0,14,1379,3.642857143
119926.0,[],0,[''],[],0,[''],0,108,11490,3.777777778
82207.0,[],0,[''],[],0,[''],0,7,414,4.0
127585.0,[],0,[''],[],0,[''],0,197,22907,3.106598985
151101.0,[],0,[''],[],0,[''],0,5,324,3.0
127304.0,[],0,[''],[],0,[''],0,169,14498,3.9822485210000003
25698.0,[],0,[''],[],0,[''],0,5,237,3.6
64536.0,[],0,[''],[],0,[''],0,112,12026,4.008928571
38152.0,[],0,[''],[],0,[''],0,883,155471,4.30804077
7199.0,[],0,[''],[],0,[''],0,8,479,3.5
43040.0,[],0,[''],[],0,[''],0,11,1594,3.545454545
22985.0,[],0,[''],[],0,[''],0,174,17781,3.2758620689999995
130207.0,[],0,[''],[],0,[''],0,68,6668,3.485294118
121298.0,[],0,[''],[],0,[''],0,11,2455,2.272727273
172412.0,[],0,[''],[],0,[''],0,3,141,4.333333333
89429.0,[],0,[''],[],0,[''],0,23,1963,4.304347826
165250.0,[],0,[''],[],0,[''],0,48,3839,3.791666667
75249.0,[],0,[''],[],0,[''],0,2518,407657,3.042891183
125688.0,[],0,[''],[],0,[''],0,32,5826,3.53125
175283.0,[],0,[''],[],0,[''],0,24,1592,2.583333333
88683.0,[],0,[''],[],0,[''],0,588,104014,3.020408163
160697.0,[],0,[''],[],0,[''],0,379,45655,3.01055409
120269.0,[],0,[''],[],0,[''],0,161,22319,3.01242236
73179.0,[],0,[''],[],0,[''],0,49,4057,3.102040816
169657.0,[],0,[''],[],0,[''],0,35,3710,2.971428571
183498.0,[],0,[''],[],0,[''],0,441,48877,4.133786848
143275.0,[],0,[''],[],0,[''],0,3,302,2.333333333
41230.0,[],0,[''],[],0,[''],0,93,15784,1.935483871
113244.0,[],0,[''],[],0,[''],0,75,8332,4.266666667
139298.0,[],0,[''],[],0,[''],0,126,12376,3.619047619
39918.0,[],0,[''],[],0,[''],0,14,1754,3.785714286
167273.0,[],0,[''],[],0,[''],0,8,933,2.75
146232.0,[],0,[''],[],0,[''],0,158,13515,4.158227848
77496.0,[],0,[''],[],0,[''],0,211,24957,2.706161137
159709.0,[],0,[''],[],0,[''],0,15,1122,3.4
116414.0,[],0,[''],[],0,[''],0,16,1318,2.6875
50274.0,[],0,[''],[],0,[''],0,332,53574,3.7319277110000004
105923.0,[],0,[''],[],0,[''],0,25,2281,4.12
161958.0,[],0,[''],[],0,[''],0,6,1245,4.0
132997.0,[],0,[''],[],0,[''],0,305,32390,4.124590164
161628.0,[],0,[''],[],0,[''],0,14,1034,3.642857143
79320.0,[],0,[''],[],0,[''],0,377,50182,4.4429708219999995
7552.0,[],0,[''],[],0,[''],0,21,1770,4.476190476
89538.0,[],0,[''],[],0,[''],0,237,26212,3.953586498
81125.0,[],0,[''],[],0,[''],0,11,807,4.181818182
74655.0,[],0,[''],[],0,[''],0,55,4712,3.0
48274.0,[],0,[''],[],0,[''],0,18,1119,3.388888889
9806.0,[],0,[''],[],0,[''],0,37,3945,4.378378378
185906.0,[],0,[''],[],0,[''],0,47,4647,3.063829787
91387.0,[],0,[''],[],0,[''],0,488,67460,2.864754098
98142.0,[],0,[''],[],0,[''],0,592,47815,3.618243243
95230.0,[],0,[''],[],0,[''],0,59,4770,3.627118644
38181.0,[],0,[''],[],0,[''],0,4,481,2.75
184519.0,[],0,[''],[],0,[''],0,259,35589,4.55984556
34836.0,[],0,[''],[],0,[''],0,25,4263,3.6
148801.0,[],0,[''],[],0,[''],0,280,27393,3.121428571
113318.0,[],0,[''],[],0,[''],0,1165,181361,2.875536481
544.0,[],0,[''],[],0,[''],0,86,9387,3.813953488
90683.0,[],0,[''],[],0,[''],0,10,1393,3.1
130453.0,[],0,[''],[],0,[''],0,261,30438,3.2490421460000003
188931.0,[],0,[''],[],0,[''],0,3,300,2.333333333
149592.0,[],0,[''],[],0,[''],0,62,7341,4.14516129
177741.0,[],0,[''],[],0,[''],0,52,4799,3.942307692
101415.0,[],0,[''],[],0,[''],0,267,24082,3.988764045
7295.0,[],0,[''],[],0,[''],0,82,6019,4.024390244
111435.0,[],0,[''],[],0,[''],0,78,8980,4.179487179
1077.0,[],0,[''],[],0,[''],0,175,13893,4.291428571
135893.0,[],0,[''],[],0,[''],0,48,5996,3.479166667
175701.0,[],0,[''],[],0,[''],0,7,635,3.0
121694.0,[],0,[''],[],0,[''],0,258,27781,2.891472868
116109.0,[],0,[''],[],0,[''],0,10,1427,2.1
65273.0,[],0,[''],[],0,[''],0,124,15415,3.653225806
72676.0,[],0,[''],[],0,[''],0,148,21720,4.074324324
135999.0,[],0,[''],[],0,[''],0,54,4858,4.37037037
123168.0,[],0,[''],[],0,[''],0,41,3662,3.2439024389999997
64807.0,[],0,[''],[],0,[''],0,28,1919,4.8928571430000005
46231.0,[],0,[''],[],0,[''],0,4,1112,3.25
94229.0,[],0,[''],[],0,[''],0,50,4125,3.54
65190.0,[],0,[''],[],0,[''],0,416,35227,4.120192308
10795.0,[],0,[''],[],0,[''],0,17,2922,2.176470588
19447.0,[],0,[''],[],0,[''],0,60,5691,4.15
123263.0,[],0,[''],[],0,[''],0,4,162,2.75
120552.0,[],0,[''],[],0,[''],0,3,213,3.666666667
96204.0,[],0,[''],[],0,[''],0,8,723,4.375
118150.0,[],0,[''],[],0,[''],0,30,6337,3.7
111469.0,[],0,[''],[],0,[''],0,12,1188,3.833333333
69626.0,[],0,[''],[],0,[''],0,6,526,4.333333333
34263.0,[],0,[''],[],0,[''],0,17,2567,2.764705882
27256.0,[],0,[''],[],0,[''],0,116,10262,4.387931034
61654.0,[],0,[''],[],0,[''],0,146,14465,3.232876712
80980.0,[],0,[''],[],0,[''],0,7,775,3.428571429
42532.0,[],0,[''],[],0,[''],0,21,2998,4.19047619
35816.0,[],0,[''],[],0,[''],0,36,3214,2.138888889
158693.0,[],0,[''],[],0,[''],0,20,1707,3.85
117949.0,[],0,[''],[],0,[''],0,91,10483,3.483516484
99766.0,[],0,[''],[],0,[''],0,47,4303,2.829787234
122965.0,[],0,[''],[],0,[''],0,36,2095,4.3611111110000005
129127.0,[],0,[''],[],0,[''],0,7,473,3.428571429
77564.0,[],0,[''],[],0,[''],0,475,47303,3.621052632
90468.0,[],0,[''],[],0,[''],0,107,9815,2.23364486
87301.0,[],0,[''],[],0,[''],0,167,18807,2.6167664669999997
50032.0,[],0,[''],[],0,[''],0,8,854,3.25
8964.0,[],0,[''],[],0,[''],0,3,556,4.0
152492.0,[],0,[''],[],0,[''],0,3,136,5.0
35758.0,[],0,[''],[],0,[''],0,103,12818,2.640776699
132187.0,[],0,[''],[],0,[''],0,10,850,3.4
104008.0,[],0,[''],[],0,[''],0,7,465,3.857142857
56659.0,[],0,[''],[],0,[''],0,3,266,2.666666667
42696.0,[],0,[''],[],0,[''],0,31,3163,3.35483871
121828.0,[],0,[''],[],0,[''],0,205,26653,3.8975609760000003
113803.0,[],0,[''],[],0,[''],0,370,22235,4.786486486
182306.0,[],0,[''],[],0,[''],0,249,28382,2.574297189
56494.0,[],0,[''],[],0,[''],0,21,2940,3.380952381
140127.0,[],0,[''],[],0,[''],0,4,409,5.0
181035.0,[],0,[''],[],0,[''],0,158,14554,3.803797468
164788.0,[],0,[''],[],0,[''],0,3,273,2.666666667
14530.0,[],0,[''],[],0,[''],0,44,4513,2.8181818180000002
37354.0,[],0,[''],[],0,[''],0,176,20270,3.8409090910000003
109976.0,[],0,[''],[],0,[''],0,93,14234,3.52688172
22236.0,[],0,[''],[],0,[''],0,24,2530,4.208333333
172738.0,[],0,[''],[],0,[''],0,8,525,3.125
51370.0,[],0,[''],[],0,[''],0,112,11454,3.464285714
34591.0,[],0,[''],[],0,[''],0,8,621,4.125
172909.0,[],0,[''],[],0,[''],0,11,1136,4.6363636360000005
70871.0,[],0,[''],[],0,[''],0,75,7180,4.413333333
180551.0,[],0,[''],[],0,[''],0,11,1211,3.0
6535.0,[],0,[''],[],0,[''],0,3,436,3.333333333
33558.0,[],0,[''],[],0,[''],0,75,7902,3.44
153559.0,[],0,[''],[],0,[''],0,193,16526,3.3626943010000003
39404.0,[],0,[''],[],0,[''],0,5,429,3.4
164092.0,[],0,[''],[],0,[''],0,241,23951,3.780082988
108390.0,[],0,[''],[],0,[''],0,303,34122,3.716171617
119048.0,[],0,[''],[],0,[''],0,546,52040,3.549450549
132076.0,[],0,[''],[],0,[''],0,126,15376,3.111111111
143931.0,[],0,[''],[],0,[''],0,5,288,4.2
24523.0,[],0,[''],[],0,[''],0,4,141,4.5
188688.0,[],0,[''],[],0,[''],0,5,431,3.8
134775.0,[],0,[''],[],0,[''],0,28,4622,3.571428571
38443.0,[],0,[''],[],0,[''],0,23,2848,3.217391304
60217.0,[],0,[''],[],0,[''],0,7,386,5.0
3244.0,[],0,[''],[],0,[''],0,28,3190,3.607142857
177709.0,[],0,[''],[],0,[''],0,12,2464,2.916666667
186218.0,[],0,[''],[],0,[''],0,43,2929,4.860465116
158508.0,[],0,[''],[],0,[''],0,371,37716,3.5471698110000003
16510.0,[],0,[''],[],0,[''],0,41,5966,3.7317073169999997
120047.0,[],0,[''],[],0,[''],0,39,2597,4.0
34028.0,[],0,[''],[],0,[''],0,72,8155,4.097222222
38269.0,[],0,[''],[],0,[''],0,47,4140,3.170212766
179343.0,[],0,[''],[],0,[''],0,20,2356,3.4
164091.0,[],0,[''],[],0,[''],0,33,6647,4.393939393999999
190444.0,[],0,[''],[],0,[''],0,17,2123,4.470588235
123513.0,[],0,[''],[],0,[''],0,47,6921,2.872340426
79475.0,[],0,[''],[],0,[''],0,795,102175,3.272955975
137396.0,[],0,[''],[],0,[''],0,6,262,4.666666667
183256.0,[],0,[''],[],0,[''],0,59,5218,2.644067797
173033.0,[],0,[''],[],0,[''],0,13,807,4.153846154
38525.0,[],0,[''],[],0,[''],0,51,4912,4.058823529
182353.0,[],0,[''],[],0,[''],0,25,2372,4.56
48269.0,[],0,[''],[],0,[''],0,341,43484,4.545454545
135421.0,[],0,[''],[],0,[''],0,288,21379,4.909722222
30558.0,[],0,[''],[],0,[''],0,14,1375,4.214285714
26931.0,[],0,[''],[],0,[''],0,24,2592,3.833333333
160452.0,[],0,[''],[],0,[''],0,699,65256,3.981402003
50310.0,[],0,[''],[],0,[''],0,51,7292,4.117647058999999
126841.0,[],0,[''],[],0,[''],0,4,336,3.0
145603.0,[],0,[''],[],0,[''],0,12,1208,2.75
162989.0,[],0,[''],[],0,[''],0,174,21782,3.545977011
67600.0,[],0,[''],[],0,[''],0,315,51171,4.1111111110000005
62528.0,[],0,[''],[],0,[''],0,365,60506,3.553424658
45222.0,[],0,[''],[],0,[''],0,392,43708,4.158163265
188375.0,[],0,[''],[],0,[''],0,39,3957,4.076923077
91344.0,[],0,[''],[],0,[''],0,540,55178,3.692592593
49115.0,[],0,[''],[],0,[''],0,49,3761,4.081632653
145313.0,[],0,[''],[],0,[''],0,595,61834,3.620168067
60688.0,[],0,[''],[],0,[''],0,15,1524,2.6
167478.0,[],0,[''],[],0,[''],0,89,13021,4.269662921
120201.0,[],0,[''],[],0,[''],0,27,2452,3.333333333
78434.0,[],0,[''],[],0,[''],0,30,2899,3.933333333
45072.0,[],0,[''],[],0,[''],0,5,661,4.0
127376.0,[],0,[''],[],0,[''],0,390,34689,3.143589744
175149.0,[],0,[''],[],0,[''],0,85,6958,3.9411764710000003
32602.0,[],0,[''],[],0,[''],0,10,1159,3.6
73226.0,[],0,[''],[],0,[''],0,112,14254,3.803571429
47640.0,[],0,[''],[],0,[''],0,390,27120,4.387179487
87596.0,[],0,[''],[],0,[''],0,36,5336,2.666666667
144870.0,[],0,[''],[],0,[''],0,30,1979,4.1
25455.0,[],0,[''],[],0,[''],0,10,687,4.1
60124.0,[],0,[''],[],0,[''],0,34,5096,2.5
155835.0,[],0,[''],[],0,[''],0,387,30414,3.878552972
162586.0,[],0,[''],[],0,[''],0,64,6531,4.421875
128788.0,[],0,[''],[],0,[''],0,399,49246,3.654135338
3163.0,[],0,[''],[],0,[''],0,21,2434,4.095238095
71257.0,[],0,[''],[],0,[''],0,25,3449,2.96
76613.0,[],0,[''],[],0,[''],0,53,4414,3.811320755
189704.0,[],0,[''],[],0,[''],0,15,716,4.066666667
67161.0,[],0,[''],[],0,[''],0,7,1001,2.5714285709999998
20365.0,[],0,[''],[],0,[''],0,6,975,4.0
149294.0,[],0,[''],[],0,[''],0,299,30290,2.9665551839999997
122000.0,[],0,[''],[],0,[''],0,3,795,4.333333333
26698.0,[],0,[''],[],0,[''],0,4,119,2.0
143178.0,[],0,[''],[],0,[''],0,28,1700,3.142857143
142556.0,[],0,[''],[],0,[''],0,9,928,2.111111111
129335.0,[],0,[''],[],0,[''],0,48,3015,4.354166667
130528.0,[],0,[''],[],0,[''],0,23,1794,3.260869565
172318.0,[],0,[''],[],0,[''],0,243,26221,3.580246914
46777.0,[],0,[''],[],0,[''],0,49,4670,3.673469388
76471.0,[],0,[''],[],0,[''],0,903,141521,3.293466224
71945.0,[],0,[''],[],0,[''],0,14,1483,4.071428571
125290.0,[],0,[''],[],0,[''],0,335,45003,3.8059701489999997
31759.0,[],0,[''],[],0,[''],0,50,3381,3.84
74656.0,[],0,[''],[],0,[''],0,14,1053,3.071428571
13941.0,[],0,[''],[],0,[''],0,31,3429,3.516129032
26701.0,[],0,[''],[],0,[''],0,124,10478,4.814516128999999
188374.0,[],0,[''],[],0,[''],0,31,3420,4.0
115859.0,[],0,[''],[],0,[''],0,17,1229,4.117647058999999
29061.0,[],0,[''],[],0,[''],0,24,2465,4.25
125904.0,[],0,[''],[],0,[''],0,757,107211,3.723910172
104343.0,[],0,[''],[],0,[''],0,58,4553,4.034482758999999
149873.0,[],0,[''],[],0,[''],0,227,24316,3.427312775
153699.0,[],0,[''],[],0,[''],0,9,666,3.888888889
137119.0,[],0,[''],[],0,[''],0,55,7020,3.727272727
186202.0,[],0,[''],[],0,[''],0,64,7902,4.4375
161133.0,[],0,[''],[],0,[''],0,3,176,4.333333333
139373.0,[],0,[''],[],0,[''],0,365,52850,4.594520548
51404.0,[],0,[''],[],0,[''],0,21,1823,4.380952381
37584.0,[],0,[''],[],0,[''],0,105,12214,4.742857143
127089.0,[],0,[''],[],0,[''],0,40,4943,2.575
180807.0,[],0,[''],[],0,[''],0,39,5354,2.58974359
13066.0,[],0,[''],[],0,[''],0,87,8961,4.057471264
30210.0,[],0,[''],[],0,[''],0,53,5088,3.4905660380000003
39842.0,[],0,[''],[],0,[''],0,7,453,4.0
140418.0,[],0,[''],[],0,[''],0,273,24648,4.26007326
10323.0,[],0,[''],[],0,[''],0,6,307,5.0
174490.0,[],0,[''],[],0,[''],0,7,531,3.428571429
53977.0,[],0,[''],[],0,[''],0,209,27485,3.440191388
187479.0,[],0,[''],[],0,[''],0,10,1313,3.6
144910.0,[],0,[''],[],0,[''],0,4,258,3.0
87020.0,[],0,[''],[],0,[''],0,153,18303,2.9084967319999997
107608.0,[],0,[''],[],0,[''],0,651,69659,3.5192012289999997
174336.0,[],0,[''],[],0,[''],0,41,3189,2.7317073169999997
130228.0,[],0,[''],[],0,[''],0,62,3993,3.64516129
172855.0,[],0,[''],[],0,[''],0,3,408,2.666666667
30402.0,[],0,[''],[],0,[''],0,3,119,4.333333333
100646.0,[],0,[''],[],0,[''],0,17,567,4.705882353
83123.0,[],0,[''],[],0,[''],0,480,45623,3.695833333
49756.0,[],0,[''],[],0,[''],0,130,14311,3.7461538460000003
4333.0,[],0,[''],[],0,[''],0,4,212,5.0
65065.0,[],0,[''],[],0,[''],0,35,3552,3.1142857139999998
127902.0,[],0,[''],[],0,[''],0,7,559,3.571428571
95975.0,[],0,[''],[],0,[''],0,528,54452,4.378787879
129786.0,[],0,[''],[],0,[''],0,33,3426,3.5757575760000004
191377.0,[],0,[''],[],0,[''],0,9,1264,3.5555555560000003
61604.0,[],0,[''],[],0,[''],0,587,93899,2.391822828
89953.0,[],0,[''],[],0,[''],0,984,124464,3.87195122
102535.0,[],0,[''],[],0,[''],0,243,20078,3.979423868
105071.0,[],0,[''],[],0,[''],0,12,1334,2.833333333
187207.0,[],0,[''],[],0,[''],0,46,3060,3.826086957
123655.0,[],0,[''],[],0,[''],0,20,1635,3.6
22595.0,[],0,[''],[],0,[''],0,40,3901,3.425
45309.0,[],0,[''],[],0,[''],0,39,3595,3.615384615
93163.0,[],0,[''],[],0,[''],0,1620,212148,3.8641975310000003
143659.0,[],0,[''],[],0,[''],0,542,74879,3.902214022
81549.0,[],0,[''],[],0,[''],0,22,3508,2.454545455
49523.0,[],0,[''],[],0,[''],0,11,1739,3.545454545
166169.0,[],0,[''],[],0,[''],0,3,262,3.333333333
137601.0,[],0,[''],[],0,[''],0,12,882,4.583333333
118940.0,[],0,[''],[],0,[''],0,20,1946,4.1
23827.0,[],0,[''],[],0,[''],0,27,2804,4.407407407
104260.0,[],0,[''],[],0,[''],0,755,106518,2.9602649010000004
8194.0,[],0,[''],[],0,[''],0,12,1782,3.833333333
158588.0,[],0,[''],[],0,[''],0,417,50798,3.088729017
64473.0,[],0,[''],[],0,[''],0,121,16698,3.2561983469999998
181268.0,[],0,[''],[],0,[''],0,70,5317,4.342857143
158272.0,[],0,[''],[],0,[''],0,20,2595,3.35
169391.0,[],0,[''],[],0,[''],0,7,684,2.714285714
85323.0,[],0,[''],[],0,[''],0,323,33732,2.885448916
75024.0,[],0,[''],[],0,[''],0,18,1201,3.4444444439999997
186462.0,[],0,[''],[],0,[''],0,8,1269,3.0
60823.0,[],0,[''],[],0,[''],0,190,28091,2.9105263160000003
94966.0,[],0,[''],[],0,[''],0,6,543,3.0
178536.0,[],0,[''],[],0,[''],0,135,12610,3.755555556
58347.0,[],0,[''],[],0,[''],0,26,2136,4.461538462
117972.0,[],0,[''],[],0,[''],0,172,16983,4.023255814
13479.0,[],0,[''],[],0,[''],0,14,1927,3.214285714
10083.0,[],0,[''],[],0,[''],0,37,4587,3.5405405410000004
17165.0,[],0,[''],[],0,[''],0,5,861,3.8
9560.0,[],0,[''],[],0,[''],0,56,4819,2.767857143
47889.0,[],0,[''],[],0,[''],0,58,5521,4.931034483
47809.0,[],0,[''],[],0,[''],0,28,2823,4.964285714
174522.0,[],0,[''],[],0,[''],0,239,29935,3.3096234310000003
80812.0,[],0,[''],[],0,[''],0,14,1223,3.571428571
177897.0,[],0,[''],[],0,[''],0,4,402,4.75
113552.0,[],0,[''],[],0,[''],0,40,3293,3.575
156267.0,[],0,[''],[],0,[''],0,313,33713,2.348242812
150179.0,[],0,[''],[],0,[''],0,39,4337,4.128205128
188352.0,[],0,[''],[],0,[''],0,21,1995,3.80952381
191515.0,[],0,[''],[],0,[''],0,3,237,5.0
19624.0,[],0,[''],[],0,[''],0,36,3775,3.027777778
14930.0,[],0,[''],[],0,[''],0,4,847,3.0
58386.0,[],0,[''],[],0,[''],0,26,3463,3.730769231
95612.0,[],0,[''],[],0,[''],0,10,1308,3.4
169272.0,[],0,[''],[],0,[''],0,63,7804,3.031746032
67211.0,[],0,[''],[],0,[''],0,147,15506,3.9727891160000004
180005.0,[],0,[''],[],0,[''],0,432,40963,4.481481481
94932.0,[],0,[''],[],0,[''],0,38,3215,3.315789474
101708.0,[],0,[''],[],0,[''],0,2434,295009,4.061216105
31203.0,[],0,[''],[],0,[''],0,31,2292,2.806451613
52561.0,[],0,[''],[],0,[''],0,5,1026,5.0
92097.0,[],0,[''],[],0,[''],0,5,394,2.2
119128.0,[],0,[''],[],0,[''],0,14,1337,4.428571429
34159.0,[],0,[''],[],0,[''],0,809,126633,3.70210136
190528.0,[],0,[''],[],0,[''],0,4,379,5.0
138709.0,[],0,[''],[],0,[''],0,14,1175,3.285714286
143487.0,[],0,[''],[],0,[''],0,1713,141969,4.589608873
125478.0,[],0,[''],[],0,[''],0,479,52201,4.267223382
24975.0,[],0,[''],[],0,[''],0,39,3887,3.0512820510000003
100535.0,[],0,[''],[],0,[''],0,420,37082,4.045238095
80168.0,[],0,[''],[],0,[''],0,21,3216,3.571428571
192547.0,[],0,[''],[],0,[''],0,1197,133816,3.552213868
44365.0,[],0,[''],[],0,[''],0,3,395,4.333333333
149383.0,[],0,[''],[],0,[''],0,5,760,1.8
180228.0,[],0,[''],[],0,[''],0,7,707,3.0
65124.0,[],0,[''],[],0,[''],0,539,41502,4.567717996
117028.0,[],0,[''],[],0,[''],0,96,6686,4.197916667
189018.0,[],0,[''],[],0,[''],0,9,632,4.555555556
97422.0,[],0,[''],[],0,[''],0,6,457,3.833333333
145030.0,[],0,[''],[],0,[''],0,6,748,2.833333333
113526.0,[],0,[''],[],0,[''],0,25,2635,3.16
46361.0,[],0,[''],[],0,[''],0,8,841,3.5
79854.0,[],0,[''],[],0,[''],0,3,298,4.666666667
87650.0,[],0,[''],[],0,[''],0,3,198,4.666666667
33029.0,[],0,[''],[],0,[''],0,80,6170,2.3125
11250.0,[],0,[''],[],0,[''],0,14,3037,3.785714286
185658.0,[],0,[''],[],0,[''],0,94,7638,4.117021277
63838.0,[],0,[''],[],0,[''],0,8,810,3.375
184144.0,[],0,[''],[],0,[''],0,66,7387,3.1363636360000005
29618.0,[],0,[''],[],0,[''],0,6,300,3.0
169759.0,[],0,[''],[],0,[''],0,44,3788,4.295454545
140230.0,[],0,[''],[],0,[''],0,39,3946,3.333333333
175053.0,[],0,[''],[],0,[''],0,5,485,3.2
98471.0,[],0,[''],[],0,[''],0,18,1474,4.222222222
181507.0,[],0,[''],[],0,[''],0,20,2473,3.6
88747.0,[],0,[''],[],0,[''],0,4,153,4.25
15810.0,[],0,[''],[],0,[''],0,277,18780,4.407942238
187085.0,[],0,[''],[],0,[''],0,41,4262,4.243902439
120649.0,[],0,[''],[],0,[''],0,54,3634,3.685185185
87657.0,[],0,[''],[],0,[''],0,23,2868,3.217391304
15125.0,[],0,[''],[],0,[''],0,7,493,2.285714286
110104.0,[],0,[''],[],0,[''],0,47,5403,4.553191489
44658.0,[],0,[''],[],0,[''],0,11,911,3.8181818180000002
9152.0,[],0,[''],[],0,[''],0,7,572,3.0
127877.0,[],0,[''],[],0,[''],0,11,826,3.545454545
25918.0,[],0,[''],[],0,[''],0,111,10225,3.9819819819999998
23314.0,[],0,[''],[],0,[''],0,233,24461,3.519313305
43001.0,[],0,[''],[],0,[''],0,155,15022,4.587096774
13269.0,[],0,[''],[],0,[''],0,89,7761,4.168539326
81619.0,[],0,[''],[],0,[''],0,17,1674,3.529411765
143676.0,[],0,[''],[],0,[''],0,5,632,3.2
181599.0,[],0,[''],[],0,[''],0,9,426,2.555555556
184798.0,[],0,[''],[],0,[''],0,28,2606,2.25
178230.0,[],0,[''],[],0,[''],0,32,2792,3.78125
71568.0,[],0,[''],[],0,[''],0,684,78793,3.4371345030000002
112167.0,[],0,[''],[],0,[''],0,14,1711,3.357142857
154845.0,[],0,[''],[],0,[''],0,395,39948,2.9063291139999996
75646.0,[],0,[''],[],0,[''],0,4,312,3.0
32321.0,[],0,[''],[],0,[''],0,49,3842,4.244897958999999
3726.0,[],0,[''],[],0,[''],0,10,1114,1.4
51763.0,[],0,[''],[],0,[''],0,92,8200,3.967391304
104540.0,[],0,[''],[],0,[''],0,35,1865,4.571428571
181473.0,[],0,[''],[],0,[''],0,416,64662,4.129807692
77793.0,[],0,[''],[],0,[''],0,105,10181,3.8285714289999997
108079.0,[],0,[''],[],0,[''],0,432,59962,3.986111111
141173.0,[],0,[''],[],0,[''],0,41,4518,2.7317073169999997
169987.0,[],0,[''],[],0,[''],0,109,9952,4.220183486
132871.0,[],0,[''],[],0,[''],0,181,27692,3.254143646
126987.0,[],0,[''],[],0,[''],0,11,957,3.272727273
131725.0,[],0,[''],[],0,[''],0,410,55205,3.534146341
178428.0,[],0,[''],[],0,[''],0,265,41445,3.475471698
39311.0,[],0,[''],[],0,[''],0,18,2079,3.4444444439999997
167361.0,[],0,[''],[],0,[''],0,282,39650,2.9148936169999997
130669.0,[],0,[''],[],0,[''],0,51,4274,2.470588235
72778.0,[],0,[''],[],0,[''],0,3,337,1.0
66605.0,[],0,[''],[],0,[''],0,42,7344,3.238095238
70764.0,[],0,[''],[],0,[''],0,63,5337,3.3015873019999997
56114.0,[],0,[''],[],0,[''],0,307,30789,3.0521172639999996
108872.0,[],0,[''],[],0,[''],0,10,1034,2.8
51100.0,[],0,[''],[],0,[''],0,29,4202,3.068965517
94272.0,[],0,[''],[],0,[''],0,29,2559,3.827586207
86734.0,[],0,[''],[],0,[''],0,64,9018,3.9375
189186.0,[],0,[''],[],0,[''],0,25,2070,3.12
82233.0,[],0,[''],[],0,[''],0,499,62502,4.168336673
171320.0,[],0,[''],[],0,[''],0,333,60609,4.069069069
75372.0,[],0,[''],[],0,[''],0,72,5157,4.208333333
95545.0,[],0,[''],[],0,[''],0,47,4623,2.85106383
72765.0,[],0,[''],[],0,[''],0,19,1780,3.263157895
143085.0,[],0,[''],[],0,[''],0,458,46640,4.42139738
145270.0,[],0,[''],[],0,[''],0,38,2387,4.815789474
29977.0,[],0,[''],[],0,[''],0,5,401,4.4
95947.0,[],0,[''],[],0,[''],0,223,19773,2.4349775780000003
103432.0,[],0,[''],[],0,[''],0,50,3186,4.48
84876.0,[],0,[''],[],0,[''],0,5,438,2.6
56703.0,[],0,[''],[],0,[''],0,72,7715,3.0694444439999997
57131.0,[],0,[''],[],0,[''],0,36,8904,2.111111111
97739.0,[],0,[''],[],0,[''],0,29,4178,3.379310345
61603.0,[],0,[''],[],0,[''],0,115,13486,4.234782609
157078.0,[],0,[''],[],0,[''],0,191,19736,2.963350785
83806.0,[],0,[''],[],0,[''],0,3,380,5.0
129138.0,[],0,[''],[],0,[''],0,423,45284,3.196217494
187126.0,[],0,[''],[],0,[''],0,91,13340,3.802197802
53617.0,[],0,[''],[],0,[''],0,80,16804,2.525
100351.0,[],0,[''],[],0,[''],0,14,1391,3.785714286
176486.0,[],0,[''],[],0,[''],0,32,3595,4.1875
15992.0,[],0,[''],[],0,[''],0,481,65741,3.5675675680000003
30934.0,[],0,[''],[],0,[''],0,62,5111,3.967741935
62279.0,[],0,[''],[],0,[''],0,140,13236,3.9142857139999996
70447.0,[],0,[''],[],0,[''],0,246,21521,3.869918699
77026.0,[],0,[''],[],0,[''],0,3212,504416,3.817247821
88844.0,[],0,[''],[],0,[''],0,24,2625,3.666666667
113684.0,[],0,[''],[],0,[''],0,6,532,3.0
115525.0,[],0,[''],[],0,[''],0,22,2930,3.1818181819999998
98768.0,[],0,[''],[],0,[''],0,9,899,1.888888889
87854.0,[],0,[''],[],0,[''],0,613,70260,3.5579119089999995
21791.0,[],0,[''],[],0,[''],0,403,48811,3.9751861039999996
189740.0,[],0,[''],[],0,[''],0,14,1545,3.571428571
149708.0,[],0,[''],[],0,[''],0,150,15128,3.16
138770.0,[],0,[''],[],0,[''],0,11,708,5.0
180569.0,[],0,[''],[],0,[''],0,3,552,2.666666667
32812.0,[],0,[''],[],0,[''],0,48,3299,3.1875
173192.0,[],0,[''],[],0,[''],0,1506,165631,3.987383798
162705.0,[],0,[''],[],0,[''],0,11,1664,3.1818181819999998
104057.0,[],0,[''],[],0,[''],0,3,524,3.0
186881.0,[],0,[''],[],0,[''],0,41,3583,4.536585366000001
92130.0,[],0,[''],[],0,[''],0,40,3002,3.7
23896.0,[],0,[''],[],0,[''],0,3,515,3.0
136062.0,[],0,[''],[],0,[''],0,32,2801,4.28125
50400.0,[],0,[''],[],0,[''],0,10,491,5.0
71047.0,[],0,[''],[],0,[''],0,106,10187,2.820754717
134809.0,[],0,[''],[],0,[''],0,55,4606,3.018181818
59695.0,[],0,[''],[],0,[''],0,12,1691,2.416666667
131987.0,[],0,[''],[],0,[''],0,7,414,3.857142857
61701.0,[],0,[''],[],0,[''],0,32,3058,3.5625
147357.0,[],0,[''],[],0,[''],0,24,1682,4.125
55069.0,[],0,[''],[],0,[''],0,26,2085,4.115384615
102325.0,[],0,[''],[],0,[''],0,3,243,1.0
91185.0,[],0,[''],[],0,[''],0,4,229,1.75
101840.0,[],0,[''],[],0,[''],0,6,374,5.0
157327.0,[],0,[''],[],0,[''],0,27,3541,3.7037037039999996
114337.0,[],0,[''],[],0,[''],0,142,12862,4.14084507
110217.0,[],0,[''],[],0,[''],0,128,11878,3.921875
100060.0,[],0,[''],[],0,[''],0,9,743,4.777777778
27778.0,[],0,[''],[],0,[''],0,20,1721,3.6
187305.0,[],0,[''],[],0,[''],0,5,836,1.2
7521.0,[],0,[''],[],0,[''],0,11,925,4.909090909
34769.0,[],0,[''],[],0,[''],0,318,42154,4.053459118999999
70635.0,[],0,[''],[],0,[''],0,7,540,3.285714286
64998.0,[],0,[''],[],0,[''],0,65,6512,3.3692307689999996
60277.0,[],0,[''],[],0,[''],0,5,685,3.6
16258.0,[],0,[''],[],0,[''],0,71,4957,3.323943662
11753.0,[],0,[''],[],0,[''],0,53,4564,3.6415094339999996
355.0,[],0,[''],[],0,[''],0,27,2569,3.4444444439999997
41838.0,[],0,[''],[],0,[''],0,25,1942,3.2
178101.0,[],0,[''],[],0,[''],0,2343,422223,3.01451131
64635.0,[],0,[''],[],0,[''],0,75,9661,3.733333333
102378.0,[],0,[''],[],0,[''],0,76,7583,4.1315789469999995
162303.0,[],0,[''],[],0,[''],0,48,5182,3.645833333
159375.0,[],0,[''],[],0,[''],0,23,3128,3.6086956519999998
86983.0,[],0,[''],[],0,[''],0,10,1862,3.6
192530.0,[],0,[''],[],0,[''],0,180,11399,4.583333333
17393.0,[],0,[''],[],0,[''],0,7,650,3.142857143
68440.0,[],0,[''],[],0,[''],0,17,1127,3.2941176469999998
141592.0,[],0,[''],[],0,[''],0,222,24576,2.509009009
118508.0,[],0,[''],[],0,[''],0,1336,124206,3.3510479039999996
131523.0,[],0,[''],[],0,[''],0,14,1337,3.928571429
42637.0,[],0,[''],[],0,[''],0,3,262,4.0
45625.0,[],0,[''],[],0,[''],0,126,16830,4.0
93125.0,[],0,[''],[],0,[''],0,84,9036,2.904761905
93402.0,[],0,[''],[],0,[''],0,12,1646,4.25
10587.0,[],0,[''],[],0,[''],0,12,1210,3.166666667
146242.0,[],0,[''],[],0,[''],0,8,491,3.625
127612.0,[],0,[''],[],0,[''],0,31,2239,3.451612903
63881.0,[],0,[''],[],0,[''],0,38,3529,4.578947368
157824.0,[],0,[''],[],0,[''],0,45,4269,3.755555556
131343.0,[],0,[''],[],0,[''],0,5,485,3.6
86895.0,[],0,[''],[],0,[''],0,4,464,4.5
107322.0,[],0,[''],[],0,[''],0,6,434,2.666666667
151233.0,[],0,[''],[],0,[''],0,24,2556,4.333333333
50981.0,[],0,[''],[],0,[''],0,13,836,3.8461538460000004
8982.0,[],0,[''],[],0,[''],0,341,63601,3.026392962
143794.0,[],0,[''],[],0,[''],0,23,1779,4.173913043
168055.0,[],0,[''],[],0,[''],0,10,983,4.0
180680.0,[],0,[''],[],0,[''],0,54,8156,3.222222222
122022.0,[],0,[''],[],0,[''],0,21,2393,3.0
184661.0,[],0,[''],[],0,[''],0,79,5554,3.746835443
50816.0,[],0,[''],[],0,[''],0,771,116779,2.883268482
454.0,[],0,[''],[],0,[''],0,36,7569,2.416666667
32405.0,[],0,[''],[],0,[''],0,7,217,3.857142857
128446.0,[],0,[''],[],0,[''],0,18,2942,2.5
39810.0,[],0,[''],[],0,[''],0,6,467,3.833333333
87158.0,[],0,[''],[],0,[''],0,170,20808,3.741176471
31318.0,[],0,[''],[],0,[''],0,123,15603,3.869918699
136132.0,[],0,[''],[],0,[''],0,44,4864,2.409090909
171071.0,[],0,[''],[],0,[''],0,48,4155,3.5625
31373.0,[],0,[''],[],0,[''],0,38,3796,4.6578947369999995
179903.0,[],0,[''],[],0,[''],0,602,61979,4.348837209
179488.0,[],0,[''],[],0,[''],0,3,225,4.333333333
80557.0,[],0,[''],[],0,[''],0,9,516,4.666666667
110744.0,[],0,[''],[],0,[''],0,84,11623,3.678571429
35745.0,[],0,[''],[],0,[''],0,16,1072,5.0
144638.0,[],0,[''],[],0,[''],0,37,3923,3.594594595
96021.0,[],0,[''],[],0,[''],0,38,4212,3.578947368
140105.0,[],0,[''],[],0,[''],0,3,588,2.0
148058.0,[],0,[''],[],0,[''],0,556,79862,2.575539568
100767.0,[],0,[''],[],0,[''],0,14,1687,4.428571429
75879.0,[],0,[''],[],0,[''],0,7,508,3.714285714
47685.0,[],0,[''],[],0,[''],0,4,161,3.0
98251.0,[],0,[''],[],0,[''],0,129,16116,3.5038759689999996
93761.0,[],0,[''],[],0,[''],0,85,8608,3.282352941
182325.0,[],0,[''],[],0,[''],0,196,23945,3.760204082
90622.0,[],0,[''],[],0,[''],0,3,109,2.666666667
108221.0,[],0,[''],[],0,[''],0,29,4075,3.379310345
132889.0,[],0,[''],[],0,[''],0,358,41272,2.617318436
136754.0,[],0,[''],[],0,[''],0,463,82567,4.177105832
29642.0,[],0,[''],[],0,[''],0,65,5658,5.0
128533.0,[],0,[''],[],0,[''],0,103,11297,3.796116505
140720.0,[],0,[''],[],0,[''],0,7,862,3.0
6193.0,[],0,[''],[],0,[''],0,77,10157,4.350649351
181532.0,[],0,[''],[],0,[''],0,661,77770,4.3025718610000006
8817.0,[],0,[''],[],0,[''],0,24,1162,3.208333333
186198.0,[],0,[''],[],0,[''],0,23,2398,3.6086956519999998
97690.0,[],0,[''],[],0,[''],0,26,2574,3.538461538
128352.0,[],0,[''],[],0,[''],0,11,1710,2.727272727
126348.0,[],0,[''],[],0,[''],0,12,921,4.166666667
85583.0,[],0,[''],[],0,[''],0,12,1099,2.416666667
88135.0,[],0,[''],[],0,[''],0,75,6523,4.306666667
141306.0,[],0,[''],[],0,[''],0,28,2682,4.1428571430000005
114427.0,[],0,[''],[],0,[''],0,235,20176,3.0851063830000003
160618.0,[],0,[''],[],0,[''],0,129,13020,3.519379845
109073.0,[],0,[''],[],0,[''],0,68,6371,2.6911764710000003
148869.0,[],0,[''],[],0,[''],0,332,43963,4.201807229
39364.0,[],0,[''],[],0,[''],0,573,70653,3.254799302
181036.0,[],0,[''],[],0,[''],0,12,670,3.916666667
143668.0,[],0,[''],[],0,[''],0,189,17496,4.301587302
26488.0,[],0,[''],[],0,[''],0,41,3103,3.43902439
98644.0,[],0,[''],[],0,[''],0,28,2664,3.5
96958.0,[],0,[''],[],0,[''],0,14,1140,3.714285714
166280.0,[],0,[''],[],0,[''],0,6,262,3.166666667
27711.0,[],0,[''],[],0,[''],0,9,798,5.0
115220.0,[],0,[''],[],0,[''],0,10,450,4.0
150627.0,[],0,[''],[],0,[''],0,9,621,4.8888888889999995
843.0,[],0,[''],[],0,[''],0,581,54784,3.6351118760000003
133109.0,[],0,[''],[],0,[''],0,8,380,3.25
71677.0,[],0,[''],[],0,[''],0,4,225,3.75
166090.0,[],0,[''],[],0,[''],0,9,1046,2.333333333
17.0,[],0,[''],[],0,[''],0,10,1048,2.8
153416.0,[],0,[''],[],0,[''],0,3,182,2.0
126019.0,[],0,[''],[],0,[''],0,26,1713,4.307692308
74145.0,[],0,[''],[],0,[''],0,17,3649,3.882352941
15020.0,[],0,[''],[],0,[''],0,9,864,2.777777778
64015.0,[],0,[''],[],0,[''],0,3,185,3.333333333
117692.0,[],0,[''],[],0,[''],0,3,136,4.0
118913.0,[],0,[''],[],0,[''],0,468,61838,3.955128205
21321.0,[],0,[''],[],0,[''],0,7,786,2.5714285709999998
48464.0,[],0,[''],[],0,[''],0,5,403,3.4
166359.0,[],0,[''],[],0,[''],0,23,842,4.565217391
190844.0,[],0,[''],[],0,[''],0,559,53430,3.735241503
187796.0,[],0,[''],[],0,[''],0,29,2297,4.034482758999999
38856.0,[],0,[''],[],0,[''],0,314,32538,3.366242038
176753.0,[],0,[''],[],0,[''],0,20,1251,3.55
114297.0,[],0,[''],[],0,[''],0,5,483,4.2
9558.0,[],0,[''],[],0,[''],0,9,681,4.555555556
65563.0,[],0,[''],[],0,[''],0,22,2223,3.227272727
190744.0,[],0,[''],[],0,[''],0,214,29053,3.859813084
151060.0,[],0,[''],[],0,[''],0,28,1694,3.714285714
90866.0,[],0,[''],[],0,[''],0,95,10025,3.231578947
181034.0,[],0,[''],[],0,[''],0,46,6958,3.260869565
159863.0,[],0,[''],[],0,[''],0,34,2370,4.147058824
109329.0,[],0,[''],[],0,[''],0,20,1902,4.45
146678.0,[],0,[''],[],0,[''],0,520,69120,4.1019230769999995
8070.0,[],0,[''],[],0,[''],0,81,7826,3.691358025
165783.0,[],0,[''],[],0,[''],0,8,444,3.0
175344.0,[],0,[''],[],0,[''],0,27,2892,5.0
107644.0,[],0,[''],[],0,[''],0,38,4257,3.710526316
24436.0,[],0,[''],[],0,[''],0,3,122,3.333333333
17600.0,[],0,[''],[],0,[''],0,19,2054,3.947368421
191218.0,[],0,[''],[],0,[''],0,15,2078,2.266666667
56766.0,[],0,[''],[],0,[''],0,911,92615,3.1481888039999997
21357.0,[],0,[''],[],0,[''],0,70,6470,3.4142857139999996
159520.0,[],0,[''],[],0,[''],0,38,3151,4.1315789469999995
146945.0,[],0,[''],[],0,[''],0,328,34220,3.6310975610000003
166014.0,[],0,[''],[],0,[''],0,1086,144201,3.5911602210000004
94222.0,[],0,[''],[],0,[''],0,109,8581,3.055045872
56879.0,[],0,[''],[],0,[''],0,7,2190,3.142857143
17079.0,[],0,[''],[],0,[''],0,29,2625,2.655172414
172980.0,[],0,[''],[],0,[''],0,16,1353,1.5625
21972.0,[],0,[''],[],0,[''],0,18,2628,4.0
77813.0,[],0,[''],[],0,[''],0,3,277,4.0
146577.0,[],0,[''],[],0,[''],0,21,3014,3.428571429
92252.0,[],0,[''],[],0,[''],0,3,470,3.333333333
143780.0,[],0,[''],[],0,[''],0,54,6107,4.092592593
20710.0,[],0,[''],[],0,[''],0,608,79858,4.0246710530000005
130110.0,[],0,[''],[],0,[''],0,15,1053,3.066666667
2547.0,[],0,[''],[],0,[''],0,136,11462,3.279411765
8466.0,[],0,[''],[],0,[''],0,250,32143,3.372
34446.0,[],0,[''],[],0,[''],0,34,3018,4.2647058819999994
65159.0,[],0,[''],[],0,[''],0,58,5901,3.1896551719999997
150350.0,[],0,[''],[],0,[''],0,8,760,3.0
143022.0,[],0,[''],[],0,[''],0,30,4400,2.5
177237.0,[],0,[''],[],0,[''],0,76,7653,4.3947368419999995
90058.0,[],0,[''],[],0,[''],0,31,3970,4.193548387
191271.0,[],0,[''],[],0,[''],0,15,1042,3.6
122577.0,[],0,[''],[],0,[''],0,41,2363,4.585365854
120188.0,[],0,[''],[],0,[''],0,4,292,3.75
53266.0,[],0,[''],[],0,[''],0,107,12663,2.560747664
49677.0,[],0,[''],[],0,[''],0,241,23860,4.302904563999999
50468.0,[],0,[''],[],0,[''],0,6,317,2.0
89520.0,[],0,[''],[],0,[''],0,121,12486,4.148760331
189503.0,[],0,[''],[],0,[''],0,19,2221,3.157894737
60691.0,[],0,[''],[],0,[''],0,3,199,3.0
18648.0,[],0,[''],[],0,[''],0,24,1953,3.208333333
15561.0,[],0,[''],[],0,[''],0,34,4284,3.264705882
121114.0,[],0,[''],[],0,[''],0,43,5699,2.581395349
72013.0,[],0,[''],[],0,[''],0,29,3671,4.448275862
44182.0,[],0,[''],[],0,[''],0,24,3087,3.666666667
15696.0,[],0,[''],[],0,[''],0,13,572,3.1538461539999996
6328.0,[],0,[''],[],0,[''],0,154,17013,2.7987012989999998
5185.0,[],0,[''],[],0,[''],0,104,8980,2.9038461539999996
147880.0,[],0,[''],[],0,[''],0,15,1923,3.266666667
77007.0,[],0,[''],[],0,[''],0,15,1722,3.2
127132.0,[],0,[''],[],0,[''],0,240,23287,4.166666667
63116.0,[],0,[''],[],0,[''],0,467,54042,2.685224839
147146.0,[],0,[''],[],0,[''],0,174,22691,3.448275862
139843.0,[],0,[''],[],0,[''],0,36,2837,3.9444444439999997
40415.0,[],0,[''],[],0,[''],0,89,7192,3.808988764
62044.0,[],0,[''],[],0,[''],0,6,565,3.0
5297.0,[],0,[''],[],0,[''],0,25,2082,4.48
135352.0,[],0,[''],[],0,[''],0,79,8741,4.797468353999999
38600.0,[],0,[''],[],0,[''],0,121,11495,3.132231405
134606.0,[],0,[''],[],0,[''],0,183,24811,2.972677596
115627.0,[],0,[''],[],0,[''],0,484,37555,4.080578512
116192.0,[],0,[''],[],0,[''],0,7,232,4.285714286
87155.0,[],0,[''],[],0,[''],0,11,766,4.272727273
190084.0,[],0,[''],[],0,[''],0,443,63620,4.106094808
95377.0,[],0,[''],[],0,[''],0,33,3616,2.939393939
104099.0,[],0,[''],[],0,[''],0,653,117547,4.0444104130000005
89805.0,[],0,[''],[],0,[''],0,26,2035,4.0
40646.0,[],0,[''],[],0,[''],0,27,1817,3.925925926
319.0,[],0,[''],[],0,[''],0,8,861,3.875
79662.0,[],0,[''],[],0,[''],0,34,2515,4.029411765
147186.0,[],0,[''],[],0,[''],0,345,25747,4.35942029
69643.0,[],0,[''],[],0,[''],0,43,4307,4.046511628
78550.0,[],0,[''],[],0,[''],0,42,3941,3.19047619
177062.0,[],0,[''],[],0,[''],0,6,607,2.333333333
61631.0,[],0,[''],[],0,[''],0,17,2355,3.764705882
108811.0,[],0,[''],[],0,[''],0,12,1492,2.666666667
11153.0,[],0,[''],[],0,[''],0,40,5494,3.025
127879.0,[],0,[''],[],0,[''],0,5,643,3.6
84320.0,[],0,[''],[],0,[''],0,132,12618,4.1893939389999995
81555.0,[],0,[''],[],0,[''],0,27,3143,2.925925926
31073.0,[],0,[''],[],0,[''],0,3,563,2.333333333
100067.0,[],0,[''],[],0,[''],0,36,3918,3.138888889
156030.0,[],0,[''],[],0,[''],0,9,582,4.222222222
81109.0,[],0,[''],[],0,[''],0,102,7596,3.401960784
66393.0,[],0,[''],[],0,[''],0,352,37588,3.90625
37014.0,[],0,[''],[],0,[''],0,349,43105,3.679083095
18549.0,[],0,[''],[],0,[''],0,7,428,4.285714286
51743.0,[],0,[''],[],0,[''],0,3,230,2.0
59279.0,[],0,[''],[],0,[''],0,6,653,1.8333333330000001
31512.0,[],0,[''],[],0,[''],0,170,21612,2.717647059
123809.0,[],0,[''],[],0,[''],0,15,1242,2.933333333
22596.0,[],0,[''],[],0,[''],0,6,1126,3.833333333
9432.0,[],0,[''],[],0,[''],0,1113,158954,4.334231806
188815.0,[],0,[''],[],0,[''],0,68,6397,3.75
183093.0,[],0,[''],[],0,[''],0,4,176,5.0
127956.0,[],0,[''],[],0,[''],0,4,209,3.75
97666.0,[],0,[''],[],0,[''],0,105,19069,4.076190476
93036.0,[],0,[''],[],0,[''],0,122,8538,4.7704918030000005
115738.0,[],0,[''],[],0,[''],0,5,472,4.6
93655.0,[],0,[''],[],0,[''],0,96,8449,3.583333333
20246.0,[],0,[''],[],0,[''],0,12,1131,4.083333333
79840.0,[],0,[''],[],0,[''],0,45,4774,3.1555555560000004
57961.0,[],0,[''],[],0,[''],0,60,6089,3.483333333
107391.0,[],0,[''],[],0,[''],0,39,3368,3.615384615
117574.0,[],0,[''],[],0,[''],0,11,1249,5.0
135703.0,[],0,[''],[],0,[''],0,190,19271,3.321052632
89845.0,[],0,[''],[],0,[''],0,24,2621,2.458333333
102970.0,[],0,[''],[],0,[''],0,13,2040,3.384615385
74687.0,[],0,[''],[],0,[''],0,33,3483,4.818181818
101640.0,[],0,[''],[],0,[''],0,166,12184,4.403614458
177500.0,[],0,[''],[],0,[''],0,27,1525,4.481481481
103328.0,[],0,[''],[],0,[''],0,230,27588,3.1826086960000004
67821.0,[],0,[''],[],0,[''],0,10,1035,1.1
8396.0,[],0,[''],[],0,[''],0,37,2139,4.432432432
163653.0,[],0,[''],[],0,[''],0,47,8812,3.574468085
,[],0,[''],[],0,[''],0,0,0,
